provider,operation,statementMode,transactionKind,phase,sampleScope,measurementUnit,operationsPerTransaction,rowCount,payloadSize,commitBatchSize,warmups,iterations,measuredUnits,elapsedNanos,throughputPerSecond,averageLatencyNanos,semanticRowCount,checksum,run
heap,PRIMARY_KEY_LOOKUP,FRESH_PER_OPERATION,READ,PREPARE,FIRST_OPERATION,OPERATION,10,100,128,100,2,5,5,87791,56953.446,17558.200,1,4773,1
heap,PRIMARY_KEY_LOOKUP,FRESH_PER_OPERATION,READ,PREPARE,FIRST_OPERATION,OPERATION,10,100,128,100,2,5,5,9459,528597.103,1891.800,1,4773,2
heap,PRIMARY_KEY_LOOKUP,FRESH_PER_OPERATION,READ,PREPARE,REPEATED_OPERATIONS,OPERATION,10,100,128,100,2,5,45,849206,52990.676,18871.244,1,4773,1
heap,PRIMARY_KEY_LOOKUP,FRESH_PER_OPERATION,READ,PREPARE,REPEATED_OPERATIONS,OPERATION,10,100,128,100,2,5,45,86667,519228.772,1925.933,1,4773,2
heap,PRIMARY_KEY_LOOKUP,FRESH_PER_OPERATION,READ,EXECUTE,FIRST_OPERATION,OPERATION,10,100,128,100,2,5,5,431500,11587.486,86300.000,1,4773,1
heap,PRIMARY_KEY_LOOKUP,FRESH_PER_OPERATION,READ,EXECUTE,FIRST_OPERATION,OPERATION,10,100,128,100,2,5,5,40833,122449.979,8166.600,1,4773,2
heap,PRIMARY_KEY_LOOKUP,FRESH_PER_OPERATION,READ,EXECUTE,REPEATED_OPERATIONS,OPERATION,10,100,128,100,2,5,45,2976336,15119.261,66140.800,1,4773,1
heap,PRIMARY_KEY_LOOKUP,FRESH_PER_OPERATION,READ,EXECUTE,REPEATED_OPERATIONS,OPERATION,10,100,128,100,2,5,45,347503,129495.285,7722.289,1,4773,2
heap,PRIMARY_KEY_LOOKUP,FRESH_PER_OPERATION,READ,COMMIT,TRANSACTION_END,TRANSACTION,10,100,128,100,2,5,5,61335,81519.524,12267.000,1,4773,1
heap,PRIMARY_KEY_LOOKUP,FRESH_PER_OPERATION,READ,COMMIT,TRANSACTION_END,TRANSACTION,10,100,128,100,2,5,5,6000,833333.333,1200.000,1,4773,2
heap,PRIMARY_KEY_LOOKUP,FRESH_PER_OPERATION,READ,ROLLBACK,TRANSACTION_END,TRANSACTION,10,100,128,100,2,5,5,54001,92590.878,10800.200,1,4773,1
heap,PRIMARY_KEY_LOOKUP,FRESH_PER_OPERATION,READ,ROLLBACK,TRANSACTION_END,TRANSACTION,10,100,128,100,2,5,5,5249,952562.393,1049.800,1,4773,2
heap,PRIMARY_KEY_LOOKUP,REUSED_ACROSS_TRANSACTIONS,READ,EXECUTE,FIRST_OPERATION,OPERATION,10,100,128,100,2,5,5,182832,27347.510,36566.400,1,4773,1
heap,PRIMARY_KEY_LOOKUP,REUSED_ACROSS_TRANSACTIONS,READ,EXECUTE,FIRST_OPERATION,OPERATION,10,100,128,100,2,5,5,28375,176211.454,5675.000,1,4773,2
heap,PRIMARY_KEY_LOOKUP,REUSED_ACROSS_TRANSACTIONS,READ,EXECUTE,REPEATED_OPERATIONS,OPERATION,10,100,128,100,2,5,45,1357126,33158.307,30158.356,1,4773,1
heap,PRIMARY_KEY_LOOKUP,REUSED_ACROSS_TRANSACTIONS,READ,EXECUTE,REPEATED_OPERATIONS,OPERATION,10,100,128,100,2,5,45,258874,173829.740,5752.756,1,4773,2
heap,PRIMARY_KEY_LOOKUP,REUSED_ACROSS_TRANSACTIONS,READ,COMMIT,TRANSACTION_END,TRANSACTION,10,100,128,100,2,5,5,61084,81854.495,12216.800,1,4773,1
heap,PRIMARY_KEY_LOOKUP,REUSED_ACROSS_TRANSACTIONS,READ,COMMIT,TRANSACTION_END,TRANSACTION,10,100,128,100,2,5,5,5668,882145.378,1133.600,1,4773,2
heap,PRIMARY_KEY_LOOKUP,REUSED_ACROSS_TRANSACTIONS,READ,ROLLBACK,TRANSACTION_END,TRANSACTION,10,100,128,100,2,5,5,45125,110803.324,9025.000,1,4773,1
heap,PRIMARY_KEY_LOOKUP,REUSED_ACROSS_TRANSACTIONS,READ,ROLLBACK,TRANSACTION_END,TRANSACTION,10,100,128,100,2,5,5,5457,916254.352,1091.400,1,4773,2
heap,SECONDARY_EQUALITY_LOOKUP,FRESH_PER_OPERATION,READ,PREPARE,FIRST_OPERATION,OPERATION,10,100,128,100,2,5,5,76125,65681.445,15225.000,6,2264730969062217570,1
heap,SECONDARY_EQUALITY_LOOKUP,FRESH_PER_OPERATION,READ,PREPARE,FIRST_OPERATION,OPERATION,10,100,128,100,2,5,5,11292,442791.357,2258.400,6,2264730969062217570,2
heap,SECONDARY_EQUALITY_LOOKUP,FRESH_PER_OPERATION,READ,PREPARE,REPEATED_OPERATIONS,OPERATION,10,100,128,100,2,5,45,683039,65882.036,15178.644,6,2264730969062217570,1
heap,SECONDARY_EQUALITY_LOOKUP,FRESH_PER_OPERATION,READ,PREPARE,REPEATED_OPERATIONS,OPERATION,10,100,128,100,2,5,45,91459,492023.748,2032.422,6,2264730969062217570,2
heap,SECONDARY_EQUALITY_LOOKUP,FRESH_PER_OPERATION,READ,EXECUTE,FIRST_OPERATION,OPERATION,10,100,128,100,2,5,5,546000,9157.509,109200.000,6,2264730969062217570,1
heap,SECONDARY_EQUALITY_LOOKUP,FRESH_PER_OPERATION,READ,EXECUTE,FIRST_OPERATION,OPERATION,10,100,128,100,2,5,5,103833,48154.248,20766.600,6,2264730969062217570,2
heap,SECONDARY_EQUALITY_LOOKUP,FRESH_PER_OPERATION,READ,EXECUTE,REPEATED_OPERATIONS,OPERATION,10,100,128,100,2,5,45,4266420,10547.485,94809.333,6,2264730969062217570,1
heap,SECONDARY_EQUALITY_LOOKUP,FRESH_PER_OPERATION,READ,EXECUTE,REPEATED_OPERATIONS,OPERATION,10,100,128,100,2,5,45,951207,47308.315,21137.933,6,2264730969062217570,2
heap,SECONDARY_EQUALITY_LOOKUP,FRESH_PER_OPERATION,READ,COMMIT,TRANSACTION_END,TRANSACTION,10,100,128,100,2,5,5,52583,95087.766,10516.600,6,2264730969062217570,1
heap,SECONDARY_EQUALITY_LOOKUP,FRESH_PER_OPERATION,READ,COMMIT,TRANSACTION_END,TRANSACTION,10,100,128,100,2,5,5,6541,764409.112,1308.200,6,2264730969062217570,2
heap,SECONDARY_EQUALITY_LOOKUP,FRESH_PER_OPERATION,READ,ROLLBACK,TRANSACTION_END,TRANSACTION,10,100,128,100,2,5,5,57124,87528.885,11424.800,6,2264730969062217570,1
heap,SECONDARY_EQUALITY_LOOKUP,FRESH_PER_OPERATION,READ,ROLLBACK,TRANSACTION_END,TRANSACTION,10,100,128,100,2,5,5,4916,1017087.063,983.200,6,2264730969062217570,2
heap,SECONDARY_EQUALITY_LOOKUP,REUSED_ACROSS_TRANSACTIONS,READ,EXECUTE,FIRST_OPERATION,OPERATION,10,100,128,100,2,5,5,266165,18785.340,53233.000,6,2264730969062217570,1
heap,SECONDARY_EQUALITY_LOOKUP,REUSED_ACROSS_TRANSACTIONS,READ,EXECUTE,FIRST_OPERATION,OPERATION,10,100,128,100,2,5,5,98167,50933.613,19633.400,6,2264730969062217570,2
heap,SECONDARY_EQUALITY_LOOKUP,REUSED_ACROSS_TRANSACTIONS,READ,EXECUTE,REPEATED_OPERATIONS,OPERATION,10,100,128,100,2,5,45,2307954,19497.789,51287.867,6,2264730969062217570,1
heap,SECONDARY_EQUALITY_LOOKUP,REUSED_ACROSS_TRANSACTIONS,READ,EXECUTE,REPEATED_OPERATIONS,OPERATION,10,100,128,100,2,5,45,814250,55265.582,18094.444,6,2264730969062217570,2
heap,SECONDARY_EQUALITY_LOOKUP,REUSED_ACROSS_TRANSACTIONS,READ,COMMIT,TRANSACTION_END,TRANSACTION,10,100,128,100,2,5,5,55668,89818.208,11133.600,6,2264730969062217570,1
heap,SECONDARY_EQUALITY_LOOKUP,REUSED_ACROSS_TRANSACTIONS,READ,COMMIT,TRANSACTION_END,TRANSACTION,10,100,128,100,2,5,5,6332,789639.924,1266.400,6,2264730969062217570,2
heap,SECONDARY_EQUALITY_LOOKUP,REUSED_ACROSS_TRANSACTIONS,READ,ROLLBACK,TRANSACTION_END,TRANSACTION,10,100,128,100,2,5,5,31916,156661.236,6383.200,6,2264730969062217570,1
heap,SECONDARY_EQUALITY_LOOKUP,REUSED_ACROSS_TRANSACTIONS,READ,ROLLBACK,TRANSACTION_END,TRANSACTION,10,100,128,100,2,5,5,5124,975800.156,1024.800,6,2264730969062217570,2
heap,COMPOSITE_RANGE_SCAN,FRESH_PER_OPERATION,READ,PREPARE,FIRST_OPERATION,OPERATION,10,100,128,100,2,5,5,51125,97799.511,10225.000,4,4076122640367,1
heap,COMPOSITE_RANGE_SCAN,FRESH_PER_OPERATION,READ,PREPARE,FIRST_OPERATION,OPERATION,10,100,128,100,2,5,5,10500,476190.476,2100.000,4,4076122640367,2
heap,COMPOSITE_RANGE_SCAN,FRESH_PER_OPERATION,READ,PREPARE,REPEATED_OPERATIONS,OPERATION,10,100,128,100,2,5,45,443746,101409.365,9861.022,4,4076122640367,1
heap,COMPOSITE_RANGE_SCAN,FRESH_PER_OPERATION,READ,PREPARE,REPEATED_OPERATIONS,OPERATION,10,100,128,100,2,5,45,95256,472411.187,2116.800,4,4076122640367,2
heap,COMPOSITE_RANGE_SCAN,FRESH_PER_OPERATION,READ,EXECUTE,FIRST_OPERATION,OPERATION,10,100,128,100,2,5,5,301707,16572.370,60341.400,4,4076122640367,1
heap,COMPOSITE_RANGE_SCAN,FRESH_PER_OPERATION,READ,EXECUTE,FIRST_OPERATION,OPERATION,10,100,128,100,2,5,5,90333,55350.758,18066.600,4,4076122640367,2
heap,COMPOSITE_RANGE_SCAN,FRESH_PER_OPERATION,READ,EXECUTE,REPEATED_OPERATIONS,OPERATION,10,100,128,100,2,5,45,2462589,18273.451,54724.200,4,4076122640367,1
heap,COMPOSITE_RANGE_SCAN,FRESH_PER_OPERATION,READ,EXECUTE,REPEATED_OPERATIONS,OPERATION,10,100,128,100,2,5,45,772833,58227.327,17174.067,4,4076122640367,2
heap,COMPOSITE_RANGE_SCAN,FRESH_PER_OPERATION,READ,COMMIT,TRANSACTION_END,TRANSACTION,10,100,128,100,2,5,5,69125,72332.731,13825.000,4,4076122640367,1
heap,COMPOSITE_RANGE_SCAN,FRESH_PER_OPERATION,READ,COMMIT,TRANSACTION_END,TRANSACTION,10,100,128,100,2,5,5,5876,850918.993,1175.200,4,4076122640367,2
heap,COMPOSITE_RANGE_SCAN,FRESH_PER_OPERATION,READ,ROLLBACK,TRANSACTION_END,TRANSACTION,10,100,128,100,2,5,5,40917,122198.597,8183.400,4,4076122640367,1
heap,COMPOSITE_RANGE_SCAN,FRESH_PER_OPERATION,READ,ROLLBACK,TRANSACTION_END,TRANSACTION,10,100,128,100,2,5,5,7208,693673.696,1441.600,4,4076122640367,2
heap,COMPOSITE_RANGE_SCAN,REUSED_ACROSS_TRANSACTIONS,READ,EXECUTE,FIRST_OPERATION,OPERATION,10,100,128,100,2,5,5,230290,21711.755,46058.000,4,4076122640367,1
heap,COMPOSITE_RANGE_SCAN,REUSED_ACROSS_TRANSACTIONS,READ,EXECUTE,FIRST_OPERATION,OPERATION,10,100,128,100,2,5,5,87541,57116.094,17508.200,4,4076122640367,2
heap,COMPOSITE_RANGE_SCAN,REUSED_ACROSS_TRANSACTIONS,READ,EXECUTE,REPEATED_OPERATIONS,OPERATION,10,100,128,100,2,5,45,1927793,23342.755,42839.844,4,4076122640367,1
heap,COMPOSITE_RANGE_SCAN,REUSED_ACROSS_TRANSACTIONS,READ,EXECUTE,REPEATED_OPERATIONS,OPERATION,10,100,128,100,2,5,45,737374,61027.376,16386.089,4,4076122640367,2
heap,COMPOSITE_RANGE_SCAN,REUSED_ACROSS_TRANSACTIONS,READ,COMMIT,TRANSACTION_END,TRANSACTION,10,100,128,100,2,5,5,38459,130008.581,7691.800,4,4076122640367,1
heap,COMPOSITE_RANGE_SCAN,REUSED_ACROSS_TRANSACTIONS,READ,COMMIT,TRANSACTION_END,TRANSACTION,10,100,128,100,2,5,5,6625,754716.981,1325.000,4,4076122640367,2
heap,COMPOSITE_RANGE_SCAN,REUSED_ACROSS_TRANSACTIONS,READ,ROLLBACK,TRANSACTION_END,TRANSACTION,10,100,128,100,2,5,5,44627,112039.797,8925.400,4,4076122640367,1
heap,COMPOSITE_RANGE_SCAN,REUSED_ACROSS_TRANSACTIONS,READ,ROLLBACK,TRANSACTION_END,TRANSACTION,10,100,128,100,2,5,5,6042,827540.549,1208.400,4,4076122640367,2
heap,FULL_SCAN,FRESH_PER_OPERATION,READ,PREPARE,FIRST_OPERATION,OPERATION,10,100,128,100,2,5,5,21749,229895.627,4349.800,100,-5261781222220006194,1
heap,FULL_SCAN,FRESH_PER_OPERATION,READ,PREPARE,FIRST_OPERATION,OPERATION,10,100,128,100,2,5,5,8832,566123.188,1766.400,100,-5261781222220006194,2
heap,FULL_SCAN,FRESH_PER_OPERATION,READ,PREPARE,REPEATED_OPERATIONS,OPERATION,10,100,128,100,2,5,45,180585,249190.132,4013.000,100,-5261781222220006194,1
heap,FULL_SCAN,FRESH_PER_OPERATION,READ,PREPARE,REPEATED_OPERATIONS,OPERATION,10,100,128,100,2,5,45,78453,573591.832,1743.400,100,-5261781222220006194,2
heap,FULL_SCAN,FRESH_PER_OPERATION,READ,EXECUTE,FIRST_OPERATION,OPERATION,10,100,128,100,2,5,5,783165,6384.351,156633.000,100,-5261781222220006194,1
heap,FULL_SCAN,FRESH_PER_OPERATION,READ,EXECUTE,FIRST_OPERATION,OPERATION,10,100,128,100,2,5,5,326083,15333.519,65216.600,100,-5261781222220006194,2
heap,FULL_SCAN,FRESH_PER_OPERATION,READ,EXECUTE,REPEATED_OPERATIONS,OPERATION,10,100,128,100,2,5,45,6828037,6590.474,151734.156,100,-5261781222220006194,1
heap,FULL_SCAN,FRESH_PER_OPERATION,READ,EXECUTE,REPEATED_OPERATIONS,OPERATION,10,100,128,100,2,5,45,2846957,15806.350,63265.711,100,-5261781222220006194,2
heap,FULL_SCAN,FRESH_PER_OPERATION,READ,COMMIT,TRANSACTION_END,TRANSACTION,10,100,128,100,2,5,5,43541,114834.294,8708.200,100,-5261781222220006194,1
heap,FULL_SCAN,FRESH_PER_OPERATION,READ,COMMIT,TRANSACTION_END,TRANSACTION,10,100,128,100,2,5,5,8625,579710.145,1725.000,100,-5261781222220006194,2
heap,FULL_SCAN,FRESH_PER_OPERATION,READ,ROLLBACK,TRANSACTION_END,TRANSACTION,10,100,128,100,2,5,5,55917,89418.245,11183.400,100,-5261781222220006194,1
heap,FULL_SCAN,FRESH_PER_OPERATION,READ,ROLLBACK,TRANSACTION_END,TRANSACTION,10,100,128,100,2,5,5,6750,740740.741,1350.000,100,-5261781222220006194,2
heap,FULL_SCAN,REUSED_ACROSS_TRANSACTIONS,READ,EXECUTE,FIRST_OPERATION,OPERATION,10,100,128,100,2,5,5,701542,7127.157,140308.400,100,-5261781222220006194,1
heap,FULL_SCAN,REUSED_ACROSS_TRANSACTIONS,READ,EXECUTE,FIRST_OPERATION,OPERATION,10,100,128,100,2,5,5,317209,15762.478,63441.800,100,-5261781222220006194,2
heap,FULL_SCAN,REUSED_ACROSS_TRANSACTIONS,READ,EXECUTE,REPEATED_OPERATIONS,OPERATION,10,100,128,100,2,5,45,6347085,7089.869,141046.333,100,-5261781222220006194,1
heap,FULL_SCAN,REUSED_ACROSS_TRANSACTIONS,READ,EXECUTE,REPEATED_OPERATIONS,OPERATION,10,100,128,100,2,5,45,2919001,15416.233,64866.689,100,-5261781222220006194,2
heap,FULL_SCAN,REUSED_ACROSS_TRANSACTIONS,READ,COMMIT,TRANSACTION_END,TRANSACTION,10,100,128,100,2,5,5,34208,146164.640,6841.600,100,-5261781222220006194,1
heap,FULL_SCAN,REUSED_ACROSS_TRANSACTIONS,READ,COMMIT,TRANSACTION_END,TRANSACTION,10,100,128,100,2,5,5,14457,345853.220,2891.400,100,-5261781222220006194,2
heap,FULL_SCAN,REUSED_ACROSS_TRANSACTIONS,READ,ROLLBACK,TRANSACTION_END,TRANSACTION,10,100,128,100,2,5,5,44874,111423.096,8974.800,100,-5261781222220006194,1
heap,FULL_SCAN,REUSED_ACROSS_TRANSACTIONS,READ,ROLLBACK,TRANSACTION_END,TRANSACTION,10,100,128,100,2,5,5,18792,266070.668,3758.400,100,-5261781222220006194,2
heap,AGGREGATE,FRESH_PER_OPERATION,READ,PREPARE,FIRST_OPERATION,OPERATION,10,100,128,100,2,5,5,16000,312500.000,3200.000,17,-8273669598366858438,1
heap,AGGREGATE,FRESH_PER_OPERATION,READ,PREPARE,FIRST_OPERATION,OPERATION,10,100,128,100,2,5,5,9416,531011.045,1883.200,17,-8273669598366858438,2
heap,AGGREGATE,FRESH_PER_OPERATION,READ,PREPARE,REPEATED_OPERATIONS,OPERATION,10,100,128,100,2,5,45,169747,265100.414,3772.156,17,-8273669598366858438,1
heap,AGGREGATE,FRESH_PER_OPERATION,READ,PREPARE,REPEATED_OPERATIONS,OPERATION,10,100,128,100,2,5,45,83919,536231.366,1864.867,17,-8273669598366858438,2
heap,AGGREGATE,FRESH_PER_OPERATION,READ,EXECUTE,FIRST_OPERATION,OPERATION,10,100,128,100,2,5,5,745749,6704.669,149149.800,17,-8273669598366858438,1
heap,AGGREGATE,FRESH_PER_OPERATION,READ,EXECUTE,FIRST_OPERATION,OPERATION,10,100,128,100,2,5,5,354000,14124.294,70800.000,17,-8273669598366858438,2
heap,AGGREGATE,FRESH_PER_OPERATION,READ,EXECUTE,REPEATED_OPERATIONS,OPERATION,10,100,128,100,2,5,45,6368125,7066.444,141513.889,17,-8273669598366858438,1
heap,AGGREGATE,FRESH_PER_OPERATION,READ,EXECUTE,REPEATED_OPERATIONS,OPERATION,10,100,128,100,2,5,45,2729751,16485.020,60661.133,17,-8273669598366858438,2
heap,AGGREGATE,FRESH_PER_OPERATION,READ,COMMIT,TRANSACTION_END,TRANSACTION,10,100,128,100,2,5,5,64417,77619.262,12883.400,17,-8273669598366858438,1
heap,AGGREGATE,FRESH_PER_OPERATION,READ,COMMIT,TRANSACTION_END,TRANSACTION,10,100,128,100,2,5,5,8917,560726.702,1783.400,17,-8273669598366858438,2
heap,AGGREGATE,FRESH_PER_OPERATION,READ,ROLLBACK,TRANSACTION_END,TRANSACTION,10,100,128,100,2,5,5,64500,77519.380,12900.000,17,-8273669598366858438,1
heap,AGGREGATE,FRESH_PER_OPERATION,READ,ROLLBACK,TRANSACTION_END,TRANSACTION,10,100,128,100,2,5,5,6834,731635.938,1366.800,17,-8273669598366858438,2
heap,AGGREGATE,REUSED_ACROSS_TRANSACTIONS,READ,EXECUTE,FIRST_OPERATION,OPERATION,10,100,128,100,2,5,5,571834,8743.796,114366.800,17,-8273669598366858438,1
heap,AGGREGATE,REUSED_ACROSS_TRANSACTIONS,READ,EXECUTE,FIRST_OPERATION,OPERATION,10,100,128,100,2,5,5,295876,16898.971,59175.200,17,-8273669598366858438,2
heap,AGGREGATE,REUSED_ACROSS_TRANSACTIONS,READ,EXECUTE,REPEATED_OPERATIONS,OPERATION,10,100,128,100,2,5,45,5223418,8615.049,116075.956,17,-8273669598366858438,1
heap,AGGREGATE,REUSED_ACROSS_TRANSACTIONS,READ,EXECUTE,REPEATED_OPERATIONS,OPERATION,10,100,128,100,2,5,45,2680040,16790.794,59556.444,17,-8273669598366858438,2
heap,AGGREGATE,REUSED_ACROSS_TRANSACTIONS,READ,COMMIT,TRANSACTION_END,TRANSACTION,10,100,128,100,2,5,5,57084,87590.218,11416.800,17,-8273669598366858438,1
heap,AGGREGATE,REUSED_ACROSS_TRANSACTIONS,READ,COMMIT,TRANSACTION_END,TRANSACTION,10,100,128,100,2,5,5,10418,479938.568,2083.600,17,-8273669598366858438,2
heap,AGGREGATE,REUSED_ACROSS_TRANSACTIONS,READ,ROLLBACK,TRANSACTION_END,TRANSACTION,10,100,128,100,2,5,5,36583,136675.505,7316.600,17,-8273669598366858438,1
heap,AGGREGATE,REUSED_ACROSS_TRANSACTIONS,READ,ROLLBACK,TRANSACTION_END,TRANSACTION,10,100,128,100,2,5,5,7581,659543.596,1516.200,17,-8273669598366858438,2
heap,INDEXED_UPDATE,FRESH_PER_OPERATION,WRITE,PREPARE,FIRST_OPERATION,OPERATION,1,100,128,100,2,5,5,58290,85778.007,11658.000,1,9556,1
heap,INDEXED_UPDATE,FRESH_PER_OPERATION,WRITE,PREPARE,FIRST_OPERATION,OPERATION,1,100,128,100,2,5,5,41874,119405.837,8374.800,1,9556,2
heap,INDEXED_UPDATE,FRESH_PER_OPERATION,WRITE,EXECUTE,FIRST_OPERATION,OPERATION,1,100,128,100,2,5,5,948458,5271.715,189691.600,1,9556,1
heap,INDEXED_UPDATE,FRESH_PER_OPERATION,WRITE,EXECUTE,FIRST_OPERATION,OPERATION,1,100,128,100,2,5,5,476999,10482.202,95399.800,1,9556,2
heap,INDEXED_UPDATE,FRESH_PER_OPERATION,WRITE,COMMIT,TRANSACTION_END,TRANSACTION,1,100,128,100,2,5,5,266834,18738.242,53366.800,1,9556,1
heap,INDEXED_UPDATE,FRESH_PER_OPERATION,WRITE,COMMIT,TRANSACTION_END,TRANSACTION,1,100,128,100,2,5,5,157749,31695.922,31549.800,1,9556,2
heap,INDEXED_UPDATE,FRESH_PER_OPERATION,WRITE,ROLLBACK,TRANSACTION_END,TRANSACTION,1,100,128,100,2,5,5,1358500,3680.530,271700.000,1,9556,1
heap,INDEXED_UPDATE,FRESH_PER_OPERATION,WRITE,ROLLBACK,TRANSACTION_END,TRANSACTION,1,100,128,100,2,5,5,892750,5600.672,178550.000,1,9556,2
heap,INDEXED_UPDATE,REUSED_ACROSS_TRANSACTIONS,WRITE,EXECUTE,FIRST_OPERATION,OPERATION,1,100,128,100,2,5,5,734001,6811.980,146800.200,1,9556,1
heap,INDEXED_UPDATE,REUSED_ACROSS_TRANSACTIONS,WRITE,EXECUTE,FIRST_OPERATION,OPERATION,1,100,128,100,2,5,5,281792,17743.584,56358.400,1,9556,2
heap,INDEXED_UPDATE,REUSED_ACROSS_TRANSACTIONS,WRITE,COMMIT,TRANSACTION_END,TRANSACTION,1,100,128,100,2,5,5,287750,17376.195,57550.000,1,9556,1
heap,INDEXED_UPDATE,REUSED_ACROSS_TRANSACTIONS,WRITE,COMMIT,TRANSACTION_END,TRANSACTION,1,100,128,100,2,5,5,163291,30620.181,32658.200,1,9556,2
heap,INDEXED_UPDATE,REUSED_ACROSS_TRANSACTIONS,WRITE,ROLLBACK,TRANSACTION_END,TRANSACTION,1,100,128,100,2,5,5,1648125,3033.750,329625.000,1,9556,1
heap,INDEXED_UPDATE,REUSED_ACROSS_TRANSACTIONS,WRITE,ROLLBACK,TRANSACTION_END,TRANSACTION,1,100,128,100,2,5,5,816082,6126.835,163216.400,1,9556,2
heap,DELETE_REINSERT,FRESH_PER_OPERATION,WRITE,PREPARE,FIRST_OPERATION,OPERATION,1,100,128,100,2,5,5,95167,52539.221,19033.400,1,6425,1
heap,DELETE_REINSERT,FRESH_PER_OPERATION,WRITE,PREPARE,FIRST_OPERATION,OPERATION,1,100,128,100,2,5,5,38125,131147.541,7625.000,1,6425,2
heap,DELETE_REINSERT,FRESH_PER_OPERATION,WRITE,EXECUTE,FIRST_OPERATION,OPERATION,1,100,128,100,2,5,5,1709792,2924.332,341958.400,1,6425,1
heap,DELETE_REINSERT,FRESH_PER_OPERATION,WRITE,EXECUTE,FIRST_OPERATION,OPERATION,1,100,128,100,2,5,5,467292,10699.948,93458.400,1,6425,2
heap,DELETE_REINSERT,FRESH_PER_OPERATION,WRITE,COMMIT,TRANSACTION_END,TRANSACTION,1,100,128,100,2,5,5,331833,15067.820,66366.600,1,6425,1
heap,DELETE_REINSERT,FRESH_PER_OPERATION,WRITE,COMMIT,TRANSACTION_END,TRANSACTION,1,100,128,100,2,5,5,164666,30364.495,32933.200,1,6425,2
heap,DELETE_REINSERT,FRESH_PER_OPERATION,WRITE,ROLLBACK,TRANSACTION_END,TRANSACTION,1,100,128,100,2,5,5,2325166,2150.384,465033.200,1,6425,1
heap,DELETE_REINSERT,FRESH_PER_OPERATION,WRITE,ROLLBACK,TRANSACTION_END,TRANSACTION,1,100,128,100,2,5,5,1109917,4504.841,221983.400,1,6425,2
heap,DELETE_REINSERT,REUSED_ACROSS_TRANSACTIONS,WRITE,EXECUTE,FIRST_OPERATION,OPERATION,1,100,128,100,2,5,5,1324625,3774.653,264925.000,1,6425,1
heap,DELETE_REINSERT,REUSED_ACROSS_TRANSACTIONS,WRITE,EXECUTE,FIRST_OPERATION,OPERATION,1,100,128,100,2,5,5,427418,11698.150,85483.600,1,6425,2
heap,DELETE_REINSERT,REUSED_ACROSS_TRANSACTIONS,WRITE,COMMIT,TRANSACTION_END,TRANSACTION,1,100,128,100,2,5,5,240999,20746.974,48199.800,1,6425,1
heap,DELETE_REINSERT,REUSED_ACROSS_TRANSACTIONS,WRITE,COMMIT,TRANSACTION_END,TRANSACTION,1,100,128,100,2,5,5,165750,30165.913,33150.000,1,6425,2
heap,DELETE_REINSERT,REUSED_ACROSS_TRANSACTIONS,WRITE,ROLLBACK,TRANSACTION_END,TRANSACTION,1,100,128,100,2,5,5,2840251,1760.408,568050.200,1,6425,1
heap,DELETE_REINSERT,REUSED_ACROSS_TRANSACTIONS,WRITE,ROLLBACK,TRANSACTION_END,TRANSACTION,1,100,128,100,2,5,5,1103124,4532.582,220624.800,1,6425,2
mvcc,PRIMARY_KEY_LOOKUP,FRESH_PER_OPERATION,READ,PREPARE,FIRST_OPERATION,OPERATION,10,100,128,100,2,5,5,18417,271488.299,3683.400,1,4773,1
mvcc,PRIMARY_KEY_LOOKUP,FRESH_PER_OPERATION,READ,PREPARE,FIRST_OPERATION,OPERATION,10,100,128,100,2,5,5,24376,205119.790,4875.200,1,4773,2
mvcc,PRIMARY_KEY_LOOKUP,FRESH_PER_OPERATION,READ,PREPARE,REPEATED_OPERATIONS,OPERATION,10,100,128,100,2,5,45,222374,202361.787,4941.644,1,4773,1
mvcc,PRIMARY_KEY_LOOKUP,FRESH_PER_OPERATION,READ,PREPARE,REPEATED_OPERATIONS,OPERATION,10,100,128,100,2,5,45,100877,446087.810,2241.711,1,4773,2
mvcc,PRIMARY_KEY_LOOKUP,FRESH_PER_OPERATION,READ,EXECUTE,FIRST_OPERATION,OPERATION,10,100,128,100,2,5,5,291334,17162.432,58266.800,1,4773,1
mvcc,PRIMARY_KEY_LOOKUP,FRESH_PER_OPERATION,READ,EXECUTE,FIRST_OPERATION,OPERATION,10,100,128,100,2,5,5,86042,58111.155,17208.400,1,4773,2
mvcc,PRIMARY_KEY_LOOKUP,FRESH_PER_OPERATION,READ,EXECUTE,REPEATED_OPERATIONS,OPERATION,10,100,128,100,2,5,45,2469205,18224.489,54871.222,1,4773,1
mvcc,PRIMARY_KEY_LOOKUP,FRESH_PER_OPERATION,READ,EXECUTE,REPEATED_OPERATIONS,OPERATION,10,100,128,100,2,5,45,733999,61307.985,16311.089,1,4773,2
mvcc,PRIMARY_KEY_LOOKUP,FRESH_PER_OPERATION,READ,COMMIT,TRANSACTION_END,TRANSACTION,10,100,128,100,2,5,5,41250,121212.121,8250.000,1,4773,1
mvcc,PRIMARY_KEY_LOOKUP,FRESH_PER_OPERATION,READ,COMMIT,TRANSACTION_END,TRANSACTION,10,100,128,100,2,5,5,8209,609087.587,1641.800,1,4773,2
mvcc,PRIMARY_KEY_LOOKUP,FRESH_PER_OPERATION,READ,ROLLBACK,TRANSACTION_END,TRANSACTION,10,100,128,100,2,5,5,45167,110700.290,9033.400,1,4773,1
mvcc,PRIMARY_KEY_LOOKUP,FRESH_PER_OPERATION,READ,ROLLBACK,TRANSACTION_END,TRANSACTION,10,100,128,100,2,5,5,6125,816326.531,1225.000,1,4773,2
mvcc,PRIMARY_KEY_LOOKUP,REUSED_ACROSS_TRANSACTIONS,READ,EXECUTE,FIRST_OPERATION,OPERATION,10,100,128,100,2,5,5,220791,22645.851,44158.200,1,4773,1
mvcc,PRIMARY_KEY_LOOKUP,REUSED_ACROSS_TRANSACTIONS,READ,EXECUTE,FIRST_OPERATION,OPERATION,10,100,128,100,2,5,5,80416,62176.681,16083.200,1,4773,2
mvcc,PRIMARY_KEY_LOOKUP,REUSED_ACROSS_TRANSACTIONS,READ,EXECUTE,REPEATED_OPERATIONS,OPERATION,10,100,128,100,2,5,45,1785163,25207.782,39670.289,1,4773,1
mvcc,PRIMARY_KEY_LOOKUP,REUSED_ACROSS_TRANSACTIONS,READ,EXECUTE,REPEATED_OPERATIONS,OPERATION,10,100,128,100,2,5,45,700833,64209.305,15574.067,1,4773,2
mvcc,PRIMARY_KEY_LOOKUP,REUSED_ACROSS_TRANSACTIONS,READ,COMMIT,TRANSACTION_END,TRANSACTION,10,100,128,100,2,5,5,48999,102042.899,9799.800,1,4773,1
mvcc,PRIMARY_KEY_LOOKUP,REUSED_ACROSS_TRANSACTIONS,READ,COMMIT,TRANSACTION_END,TRANSACTION,10,100,128,100,2,5,5,8249,606134.077,1649.800,1,4773,2
mvcc,PRIMARY_KEY_LOOKUP,REUSED_ACROSS_TRANSACTIONS,READ,ROLLBACK,TRANSACTION_END,TRANSACTION,10,100,128,100,2,5,5,29709,168299.169,5941.800,1,4773,1
mvcc,PRIMARY_KEY_LOOKUP,REUSED_ACROSS_TRANSACTIONS,READ,ROLLBACK,TRANSACTION_END,TRANSACTION,10,100,128,100,2,5,5,7084,705815.923,1416.800,1,4773,2
mvcc,SECONDARY_EQUALITY_LOOKUP,FRESH_PER_OPERATION,READ,PREPARE,FIRST_OPERATION,OPERATION,10,100,128,100,2,5,5,17168,291239.515,3433.600,6,2264730969062217570,1
mvcc,SECONDARY_EQUALITY_LOOKUP,FRESH_PER_OPERATION,READ,PREPARE,FIRST_OPERATION,OPERATION,10,100,128,100,2,5,5,10709,466897.003,2141.800,6,2264730969062217570,2
mvcc,SECONDARY_EQUALITY_LOOKUP,FRESH_PER_OPERATION,READ,PREPARE,REPEATED_OPERATIONS,OPERATION,10,100,128,100,2,5,45,139501,322578.333,3100.022,6,2264730969062217570,1
mvcc,SECONDARY_EQUALITY_LOOKUP,FRESH_PER_OPERATION,READ,PREPARE,REPEATED_OPERATIONS,OPERATION,10,100,128,100,2,5,45,95460,471401.634,2121.333,6,2264730969062217570,2
mvcc,SECONDARY_EQUALITY_LOOKUP,FRESH_PER_OPERATION,READ,EXECUTE,FIRST_OPERATION,OPERATION,10,100,128,100,2,5,5,264833,18879.822,52966.600,6,2264730969062217570,1
mvcc,SECONDARY_EQUALITY_LOOKUP,FRESH_PER_OPERATION,READ,EXECUTE,FIRST_OPERATION,OPERATION,10,100,128,100,2,5,5,248167,20147.723,49633.400,6,2264730969062217570,2
mvcc,SECONDARY_EQUALITY_LOOKUP,FRESH_PER_OPERATION,READ,EXECUTE,REPEATED_OPERATIONS,OPERATION,10,100,128,100,2,5,45,2318626,19408.046,51525.022,6,2264730969062217570,1
mvcc,SECONDARY_EQUALITY_LOOKUP,FRESH_PER_OPERATION,READ,EXECUTE,REPEATED_OPERATIONS,OPERATION,10,100,128,100,2,5,45,2221289,20258.508,49361.978,6,2264730969062217570,2
mvcc,SECONDARY_EQUALITY_LOOKUP,FRESH_PER_OPERATION,READ,COMMIT,TRANSACTION_END,TRANSACTION,10,100,128,100,2,5,5,73374,68144.029,14674.800,6,2264730969062217570,1
mvcc,SECONDARY_EQUALITY_LOOKUP,FRESH_PER_OPERATION,READ,COMMIT,TRANSACTION_END,TRANSACTION,10,100,128,100,2,5,5,23458,213146.901,4691.600,6,2264730969062217570,2
mvcc,SECONDARY_EQUALITY_LOOKUP,FRESH_PER_OPERATION,READ,ROLLBACK,TRANSACTION_END,TRANSACTION,10,100,128,100,2,5,5,31459,158937.029,6291.800,6,2264730969062217570,1
mvcc,SECONDARY_EQUALITY_LOOKUP,FRESH_PER_OPERATION,READ,ROLLBACK,TRANSACTION_END,TRANSACTION,10,100,128,100,2,5,5,5584,895415.473,1116.800,6,2264730969062217570,2
mvcc,SECONDARY_EQUALITY_LOOKUP,REUSED_ACROSS_TRANSACTIONS,READ,EXECUTE,FIRST_OPERATION,OPERATION,10,100,128,100,2,5,5,208500,23980.815,41700.000,6,2264730969062217570,1
mvcc,SECONDARY_EQUALITY_LOOKUP,REUSED_ACROSS_TRANSACTIONS,READ,EXECUTE,FIRST_OPERATION,OPERATION,10,100,128,100,2,5,5,248000,20161.290,49600.000,6,2264730969062217570,2
mvcc,SECONDARY_EQUALITY_LOOKUP,REUSED_ACROSS_TRANSACTIONS,READ,EXECUTE,REPEATED_OPERATIONS,OPERATION,10,100,128,100,2,5,45,1880748,23926.650,41794.400,6,2264730969062217570,1
mvcc,SECONDARY_EQUALITY_LOOKUP,REUSED_ACROSS_TRANSACTIONS,READ,EXECUTE,REPEATED_OPERATIONS,OPERATION,10,100,128,100,2,5,45,3268250,13768.837,72627.778,6,2264730969062217570,2
mvcc,SECONDARY_EQUALITY_LOOKUP,REUSED_ACROSS_TRANSACTIONS,READ,COMMIT,TRANSACTION_END,TRANSACTION,10,100,128,100,2,5,5,40333,123967.967,8066.600,6,2264730969062217570,1
mvcc,SECONDARY_EQUALITY_LOOKUP,REUSED_ACROSS_TRANSACTIONS,READ,COMMIT,TRANSACTION_END,TRANSACTION,10,100,128,100,2,5,5,13251,377330.013,2650.200,6,2264730969062217570,2
mvcc,SECONDARY_EQUALITY_LOOKUP,REUSED_ACROSS_TRANSACTIONS,READ,ROLLBACK,TRANSACTION_END,TRANSACTION,10,100,128,100,2,5,5,24458,204432.088,4891.600,6,2264730969062217570,1
mvcc,SECONDARY_EQUALITY_LOOKUP,REUSED_ACROSS_TRANSACTIONS,READ,ROLLBACK,TRANSACTION_END,TRANSACTION,10,100,128,100,2,5,5,13208,378558.449,2641.600,6,2264730969062217570,2
mvcc,COMPOSITE_RANGE_SCAN,FRESH_PER_OPERATION,READ,PREPARE,FIRST_OPERATION,OPERATION,10,100,128,100,2,5,5,32209,155236.114,6441.800,4,4076122640367,1
mvcc,COMPOSITE_RANGE_SCAN,FRESH_PER_OPERATION,READ,PREPARE,FIRST_OPERATION,OPERATION,10,100,128,100,2,5,5,13125,380952.381,2625.000,4,4076122640367,2
mvcc,COMPOSITE_RANGE_SCAN,FRESH_PER_OPERATION,READ,PREPARE,REPEATED_OPERATIONS,OPERATION,10,100,128,100,2,5,45,142250,316344.464,3161.111,4,4076122640367,1
mvcc,COMPOSITE_RANGE_SCAN,FRESH_PER_OPERATION,READ,PREPARE,REPEATED_OPERATIONS,OPERATION,10,100,128,100,2,5,45,131461,342306.844,2921.356,4,4076122640367,2
mvcc,COMPOSITE_RANGE_SCAN,FRESH_PER_OPERATION,READ,EXECUTE,FIRST_OPERATION,OPERATION,10,100,128,100,2,5,5,335125,14919.806,67025.000,4,4076122640367,1
mvcc,COMPOSITE_RANGE_SCAN,FRESH_PER_OPERATION,READ,EXECUTE,FIRST_OPERATION,OPERATION,10,100,128,100,2,5,5,1345709,3715.514,269141.800,4,4076122640367,2
mvcc,COMPOSITE_RANGE_SCAN,FRESH_PER_OPERATION,READ,EXECUTE,REPEATED_OPERATIONS,OPERATION,10,100,128,100,2,5,45,3137293,14343.576,69717.622,4,4076122640367,1
mvcc,COMPOSITE_RANGE_SCAN,FRESH_PER_OPERATION,READ,EXECUTE,REPEATED_OPERATIONS,OPERATION,10,100,128,100,2,5,45,3370288,13351.975,74895.289,4,4076122640367,2
mvcc,COMPOSITE_RANGE_SCAN,FRESH_PER_OPERATION,READ,COMMIT,TRANSACTION_END,TRANSACTION,10,100,128,100,2,5,5,32751,152667.094,6550.200,4,4076122640367,1
mvcc,COMPOSITE_RANGE_SCAN,FRESH_PER_OPERATION,READ,COMMIT,TRANSACTION_END,TRANSACTION,10,100,128,100,2,5,5,23709,210890.379,4741.800,4,4076122640367,2
mvcc,COMPOSITE_RANGE_SCAN,FRESH_PER_OPERATION,READ,ROLLBACK,TRANSACTION_END,TRANSACTION,10,100,128,100,2,5,5,37541,133187.715,7508.200,4,4076122640367,1
mvcc,COMPOSITE_RANGE_SCAN,FRESH_PER_OPERATION,READ,ROLLBACK,TRANSACTION_END,TRANSACTION,10,100,128,100,2,5,5,18457,270899.930,3691.400,4,4076122640367,2
mvcc,COMPOSITE_RANGE_SCAN,REUSED_ACROSS_TRANSACTIONS,READ,EXECUTE,FIRST_OPERATION,OPERATION,10,100,128,100,2,5,5,232167,21536.222,46433.400,4,4076122640367,1
mvcc,COMPOSITE_RANGE_SCAN,REUSED_ACROSS_TRANSACTIONS,READ,EXECUTE,FIRST_OPERATION,OPERATION,10,100,128,100,2,5,5,347876,14372.937,69575.200,4,4076122640367,2
mvcc,COMPOSITE_RANGE_SCAN,REUSED_ACROSS_TRANSACTIONS,READ,EXECUTE,REPEATED_OPERATIONS,OPERATION,10,100,128,100,2,5,45,3073167,14642.875,68292.600,4,4076122640367,1
mvcc,COMPOSITE_RANGE_SCAN,REUSED_ACROSS_TRANSACTIONS,READ,EXECUTE,REPEATED_OPERATIONS,OPERATION,10,100,128,100,2,5,45,3137749,14341.491,69727.756,4,4076122640367,2
mvcc,COMPOSITE_RANGE_SCAN,REUSED_ACROSS_TRANSACTIONS,READ,COMMIT,TRANSACTION_END,TRANSACTION,10,100,128,100,2,5,5,38083,131292.178,7616.600,4,4076122640367,1
mvcc,COMPOSITE_RANGE_SCAN,REUSED_ACROSS_TRANSACTIONS,READ,COMMIT,TRANSACTION_END,TRANSACTION,10,100,128,100,2,5,5,15540,321750.322,3108.000,4,4076122640367,2
mvcc,COMPOSITE_RANGE_SCAN,REUSED_ACROSS_TRANSACTIONS,READ,ROLLBACK,TRANSACTION_END,TRANSACTION,10,100,128,100,2,5,5,38125,131147.541,7625.000,4,4076122640367,1
mvcc,COMPOSITE_RANGE_SCAN,REUSED_ACROSS_TRANSACTIONS,READ,ROLLBACK,TRANSACTION_END,TRANSACTION,10,100,128,100,2,5,5,17291,289167.775,3458.200,4,4076122640367,2
mvcc,FULL_SCAN,FRESH_PER_OPERATION,READ,PREPARE,FIRST_OPERATION,OPERATION,10,100,128,100,2,5,5,13834,361428.365,2766.800,100,-5261781222220006194,1
mvcc,FULL_SCAN,FRESH_PER_OPERATION,READ,PREPARE,FIRST_OPERATION,OPERATION,10,100,128,100,2,5,5,9041,553036.169,1808.200,100,-5261781222220006194,2
mvcc,FULL_SCAN,FRESH_PER_OPERATION,READ,PREPARE,REPEATED_OPERATIONS,OPERATION,10,100,128,100,2,5,45,146207,307782.801,3249.044,100,-5261781222220006194,1
mvcc,FULL_SCAN,FRESH_PER_OPERATION,READ,PREPARE,REPEATED_OPERATIONS,OPERATION,10,100,128,100,2,5,45,79665,564865.374,1770.333,100,-5261781222220006194,2
mvcc,FULL_SCAN,FRESH_PER_OPERATION,READ,EXECUTE,FIRST_OPERATION,OPERATION,10,100,128,100,2,5,5,1040333,4806.153,208066.600,100,-5261781222220006194,1
mvcc,FULL_SCAN,FRESH_PER_OPERATION,READ,EXECUTE,FIRST_OPERATION,OPERATION,10,100,128,100,2,5,5,550750,9078.529,110150.000,100,-5261781222220006194,2
mvcc,FULL_SCAN,FRESH_PER_OPERATION,READ,EXECUTE,REPEATED_OPERATIONS,OPERATION,10,100,128,100,2,5,45,9832253,4576.774,218494.511,100,-5261781222220006194,1
mvcc,FULL_SCAN,FRESH_PER_OPERATION,READ,EXECUTE,REPEATED_OPERATIONS,OPERATION,10,100,128,100,2,5,45,4768751,9436.433,105972.244,100,-5261781222220006194,2
mvcc,FULL_SCAN,FRESH_PER_OPERATION,READ,COMMIT,TRANSACTION_END,TRANSACTION,10,100,128,100,2,5,5,43376,115271.118,8675.200,100,-5261781222220006194,1
mvcc,FULL_SCAN,FRESH_PER_OPERATION,READ,COMMIT,TRANSACTION_END,TRANSACTION,10,100,128,100,2,5,5,18667,267852.360,3733.400,100,-5261781222220006194,2
mvcc,FULL_SCAN,FRESH_PER_OPERATION,READ,ROLLBACK,TRANSACTION_END,TRANSACTION,10,100,128,100,2,5,5,48124,103898.263,9624.800,100,-5261781222220006194,1
mvcc,FULL_SCAN,FRESH_PER_OPERATION,READ,ROLLBACK,TRANSACTION_END,TRANSACTION,10,100,128,100,2,5,5,10125,493827.160,2025.000,100,-5261781222220006194,2
mvcc,FULL_SCAN,REUSED_ACROSS_TRANSACTIONS,READ,EXECUTE,FIRST_OPERATION,OPERATION,10,100,128,100,2,5,5,1019626,4903.759,203925.200,100,-5261781222220006194,1
mvcc,FULL_SCAN,REUSED_ACROSS_TRANSACTIONS,READ,EXECUTE,FIRST_OPERATION,OPERATION,10,100,128,100,2,5,5,518459,9643.964,103691.800,100,-5261781222220006194,2
mvcc,FULL_SCAN,REUSED_ACROSS_TRANSACTIONS,READ,EXECUTE,REPEATED_OPERATIONS,OPERATION,10,100,128,100,2,5,45,9895543,4547.502,219900.956,100,-5261781222220006194,1
mvcc,FULL_SCAN,REUSED_ACROSS_TRANSACTIONS,READ,EXECUTE,REPEATED_OPERATIONS,OPERATION,10,100,128,100,2,5,45,4744957,9483.753,105443.489,100,-5261781222220006194,2
mvcc,FULL_SCAN,REUSED_ACROSS_TRANSACTIONS,READ,COMMIT,TRANSACTION_END,TRANSACTION,10,100,128,100,2,5,5,61417,81410.684,12283.400,100,-5261781222220006194,1
mvcc,FULL_SCAN,REUSED_ACROSS_TRANSACTIONS,READ,COMMIT,TRANSACTION_END,TRANSACTION,10,100,128,100,2,5,5,22293,224285.650,4458.600,100,-5261781222220006194,2
mvcc,FULL_SCAN,REUSED_ACROSS_TRANSACTIONS,READ,ROLLBACK,TRANSACTION_END,TRANSACTION,10,100,128,100,2,5,5,57498,86959.546,11499.600,100,-5261781222220006194,1
mvcc,FULL_SCAN,REUSED_ACROSS_TRANSACTIONS,READ,ROLLBACK,TRANSACTION_END,TRANSACTION,10,100,128,100,2,5,5,21459,233002.470,4291.800,100,-5261781222220006194,2
mvcc,AGGREGATE,FRESH_PER_OPERATION,READ,PREPARE,FIRST_OPERATION,OPERATION,10,100,128,100,2,5,5,13667,365844.735,2733.400,17,-8273669598366858438,1
mvcc,AGGREGATE,FRESH_PER_OPERATION,READ,PREPARE,FIRST_OPERATION,OPERATION,10,100,128,100,2,5,5,9082,550539.529,1816.400,17,-8273669598366858438,2
mvcc,AGGREGATE,FRESH_PER_OPERATION,READ,PREPARE,REPEATED_OPERATIONS,OPERATION,10,100,128,100,2,5,45,122036,368743.649,2711.911,17,-8273669598366858438,1
mvcc,AGGREGATE,FRESH_PER_OPERATION,READ,PREPARE,REPEATED_OPERATIONS,OPERATION,10,100,128,100,2,5,45,84790,530722.963,1884.222,17,-8273669598366858438,2
mvcc,AGGREGATE,FRESH_PER_OPERATION,READ,EXECUTE,FIRST_OPERATION,OPERATION,10,100,128,100,2,5,5,947040,5279.608,189408.000,17,-8273669598366858438,1
mvcc,AGGREGATE,FRESH_PER_OPERATION,READ,EXECUTE,FIRST_OPERATION,OPERATION,10,100,128,100,2,5,5,473000,10570.825,94600.000,17,-8273669598366858438,2
mvcc,AGGREGATE,FRESH_PER_OPERATION,READ,EXECUTE,REPEATED_OPERATIONS,OPERATION,10,100,128,100,2,5,45,8637506,5209.837,191944.578,17,-8273669598366858438,1
mvcc,AGGREGATE,FRESH_PER_OPERATION,READ,EXECUTE,REPEATED_OPERATIONS,OPERATION,10,100,128,100,2,5,45,4258664,10566.694,94636.978,17,-8273669598366858438,2
mvcc,AGGREGATE,FRESH_PER_OPERATION,READ,COMMIT,TRANSACTION_END,TRANSACTION,10,100,128,100,2,5,5,40708,122825.980,8141.600,17,-8273669598366858438,1
mvcc,AGGREGATE,FRESH_PER_OPERATION,READ,COMMIT,TRANSACTION_END,TRANSACTION,10,100,128,100,2,5,5,19751,253151.739,3950.200,17,-8273669598366858438,2
mvcc,AGGREGATE,FRESH_PER_OPERATION,READ,ROLLBACK,TRANSACTION_END,TRANSACTION,10,100,128,100,2,5,5,31082,160864.809,6216.400,17,-8273669598366858438,1
mvcc,AGGREGATE,FRESH_PER_OPERATION,READ,ROLLBACK,TRANSACTION_END,TRANSACTION,10,100,128,100,2,5,5,9085,550357.733,1817.000,17,-8273669598366858438,2
mvcc,AGGREGATE,REUSED_ACROSS_TRANSACTIONS,READ,EXECUTE,FIRST_OPERATION,OPERATION,10,100,128,100,2,5,5,830209,6022.580,166041.800,17,-8273669598366858438,1
mvcc,AGGREGATE,REUSED_ACROSS_TRANSACTIONS,READ,EXECUTE,FIRST_OPERATION,OPERATION,10,100,128,100,2,5,5,461208,10841.096,92241.600,17,-8273669598366858438,2
mvcc,AGGREGATE,REUSED_ACROSS_TRANSACTIONS,READ,EXECUTE,REPEATED_OPERATIONS,OPERATION,10,100,128,100,2,5,45,7246751,6209.679,161038.911,17,-8273669598366858438,1
mvcc,AGGREGATE,REUSED_ACROSS_TRANSACTIONS,READ,EXECUTE,REPEATED_OPERATIONS,OPERATION,10,100,128,100,2,5,45,4122086,10916.803,91601.911,17,-8273669598366858438,2
mvcc,AGGREGATE,REUSED_ACROSS_TRANSACTIONS,READ,COMMIT,TRANSACTION_END,TRANSACTION,10,100,128,100,2,5,5,36209,138087.216,7241.800,17,-8273669598366858438,1
mvcc,AGGREGATE,REUSED_ACROSS_TRANSACTIONS,READ,COMMIT,TRANSACTION_END,TRANSACTION,10,100,128,100,2,5,5,15793,316595.960,3158.600,17,-8273669598366858438,2
mvcc,AGGREGATE,REUSED_ACROSS_TRANSACTIONS,READ,ROLLBACK,TRANSACTION_END,TRANSACTION,10,100,128,100,2,5,5,38458,130011.961,7691.600,17,-8273669598366858438,1
mvcc,AGGREGATE,REUSED_ACROSS_TRANSACTIONS,READ,ROLLBACK,TRANSACTION_END,TRANSACTION,10,100,128,100,2,5,5,7960,628140.704,1592.000,17,-8273669598366858438,2
mvcc,INDEXED_UPDATE,FRESH_PER_OPERATION,WRITE,PREPARE,FIRST_OPERATION,OPERATION,1,100,128,100,2,5,5,141000,35460.993,28200.000,1,9556,1
mvcc,INDEXED_UPDATE,FRESH_PER_OPERATION,WRITE,PREPARE,FIRST_OPERATION,OPERATION,1,100,128,100,2,5,5,122124,40941.993,24424.800,1,9556,2
mvcc,INDEXED_UPDATE,FRESH_PER_OPERATION,WRITE,EXECUTE,FIRST_OPERATION,OPERATION,1,100,128,100,2,5,5,23226083,215.275,4645216.600,1,9556,1
mvcc,INDEXED_UPDATE,FRESH_PER_OPERATION,WRITE,EXECUTE,FIRST_OPERATION,OPERATION,1,100,128,100,2,5,5,21509041,232.460,4301808.200,1,9556,2
mvcc,INDEXED_UPDATE,FRESH_PER_OPERATION,WRITE,COMMIT,TRANSACTION_END,TRANSACTION,1,100,128,100,2,5,5,607188541,8.235,121437708.200,1,9556,1
mvcc,INDEXED_UPDATE,FRESH_PER_OPERATION,WRITE,COMMIT,TRANSACTION_END,TRANSACTION,1,100,128,100,2,5,5,583286835,8.572,116657367.000,1,9556,2
mvcc,INDEXED_UPDATE,FRESH_PER_OPERATION,WRITE,ROLLBACK,TRANSACTION_END,TRANSACTION,1,100,128,100,2,5,5,22036165,226.900,4407233.000,1,9556,1
mvcc,INDEXED_UPDATE,FRESH_PER_OPERATION,WRITE,ROLLBACK,TRANSACTION_END,TRANSACTION,1,100,128,100,2,5,5,21141918,236.497,4228383.600,1,9556,2
mvcc,INDEXED_UPDATE,REUSED_ACROSS_TRANSACTIONS,WRITE,EXECUTE,FIRST_OPERATION,OPERATION,1,100,128,100,2,5,5,22887167,218.463,4577433.400,1,9556,1
mvcc,INDEXED_UPDATE,REUSED_ACROSS_TRANSACTIONS,WRITE,EXECUTE,FIRST_OPERATION,OPERATION,1,100,128,100,2,5,5,23131416,216.156,4626283.200,1,9556,2
mvcc,INDEXED_UPDATE,REUSED_ACROSS_TRANSACTIONS,WRITE,COMMIT,TRANSACTION_END,TRANSACTION,1,100,128,100,2,5,5,598776624,8.350,119755324.800,1,9556,1
mvcc,INDEXED_UPDATE,REUSED_ACROSS_TRANSACTIONS,WRITE,COMMIT,TRANSACTION_END,TRANSACTION,1,100,128,100,2,5,5,580169084,8.618,116033816.800,1,9556,2
mvcc,INDEXED_UPDATE,REUSED_ACROSS_TRANSACTIONS,WRITE,ROLLBACK,TRANSACTION_END,TRANSACTION,1,100,128,100,2,5,5,22616625,221.076,4523325.000,1,9556,1
mvcc,INDEXED_UPDATE,REUSED_ACROSS_TRANSACTIONS,WRITE,ROLLBACK,TRANSACTION_END,TRANSACTION,1,100,128,100,2,5,5,22211333,225.110,4442266.600,1,9556,2
mvcc,DELETE_REINSERT,FRESH_PER_OPERATION,WRITE,PREPARE,FIRST_OPERATION,OPERATION,1,100,128,100,2,5,5,251083,19913.734,50216.600,1,6425,1
mvcc,DELETE_REINSERT,FRESH_PER_OPERATION,WRITE,PREPARE,FIRST_OPERATION,OPERATION,1,100,128,100,2,5,5,182875,27341.080,36575.000,1,6425,2
mvcc,DELETE_REINSERT,FRESH_PER_OPERATION,WRITE,EXECUTE,FIRST_OPERATION,OPERATION,1,100,128,100,2,5,5,24868083,201.061,4973616.600,1,6425,1
mvcc,DELETE_REINSERT,FRESH_PER_OPERATION,WRITE,EXECUTE,FIRST_OPERATION,OPERATION,1,100,128,100,2,5,5,23248043,215.072,4649608.600,1,6425,2
mvcc,DELETE_REINSERT,FRESH_PER_OPERATION,WRITE,COMMIT,TRANSACTION_END,TRANSACTION,1,100,128,100,2,5,5,588592626,8.495,117718525.200,1,6425,1
mvcc,DELETE_REINSERT,FRESH_PER_OPERATION,WRITE,COMMIT,TRANSACTION_END,TRANSACTION,1,100,128,100,2,5,5,564001167,8.865,112800233.400,1,6425,2
mvcc,DELETE_REINSERT,FRESH_PER_OPERATION,WRITE,ROLLBACK,TRANSACTION_END,TRANSACTION,1,100,128,100,2,5,5,25559376,195.623,5111875.200,1,6425,1
mvcc,DELETE_REINSERT,FRESH_PER_OPERATION,WRITE,ROLLBACK,TRANSACTION_END,TRANSACTION,1,100,128,100,2,5,5,23246833,215.083,4649366.600,1,6425,2
mvcc,DELETE_REINSERT,REUSED_ACROSS_TRANSACTIONS,WRITE,EXECUTE,FIRST_OPERATION,OPERATION,1,100,128,100,2,5,5,22274958,224.467,4454991.600,1,6425,1
mvcc,DELETE_REINSERT,REUSED_ACROSS_TRANSACTIONS,WRITE,EXECUTE,FIRST_OPERATION,OPERATION,1,100,128,100,2,5,5,22822084,219.086,4564416.800,1,6425,2
mvcc,DELETE_REINSERT,REUSED_ACROSS_TRANSACTIONS,WRITE,COMMIT,TRANSACTION_END,TRANSACTION,1,100,128,100,2,5,5,560621331,8.919,112124266.200,1,6425,1
mvcc,DELETE_REINSERT,REUSED_ACROSS_TRANSACTIONS,WRITE,COMMIT,TRANSACTION_END,TRANSACTION,1,100,128,100,2,5,5,561825916,8.900,112365183.200,1,6425,2
mvcc,DELETE_REINSERT,REUSED_ACROSS_TRANSACTIONS,WRITE,ROLLBACK,TRANSACTION_END,TRANSACTION,1,100,128,100,2,5,5,23421625,213.478,4684325.000,1,6425,1
mvcc,DELETE_REINSERT,REUSED_ACROSS_TRANSACTIONS,WRITE,ROLLBACK,TRANSACTION_END,TRANSACTION,1,100,128,100,2,5,5,24825332,201.407,4965066.400,1,6425,2
heap,PRIMARY_KEY_LOOKUP,FRESH_PER_OPERATION,READ,PREPARE,FIRST_OPERATION,OPERATION,10,1000,128,100,2,5,5,12792,390869.293,2558.400,1,16964,1
heap,PRIMARY_KEY_LOOKUP,FRESH_PER_OPERATION,READ,PREPARE,FIRST_OPERATION,OPERATION,10,1000,128,100,2,5,5,9249,540598.984,1849.800,1,16964,2
heap,PRIMARY_KEY_LOOKUP,FRESH_PER_OPERATION,READ,PREPARE,REPEATED_OPERATIONS,OPERATION,10,1000,128,100,2,5,45,105749,425535.939,2349.978,1,16964,1
heap,PRIMARY_KEY_LOOKUP,FRESH_PER_OPERATION,READ,PREPARE,REPEATED_OPERATIONS,OPERATION,10,1000,128,100,2,5,45,79586,565426.080,1768.578,1,16964,2
heap,PRIMARY_KEY_LOOKUP,FRESH_PER_OPERATION,READ,EXECUTE,FIRST_OPERATION,OPERATION,10,1000,128,100,2,5,5,58791,85047.031,11758.200,1,16964,1
heap,PRIMARY_KEY_LOOKUP,FRESH_PER_OPERATION,READ,EXECUTE,FIRST_OPERATION,OPERATION,10,1000,128,100,2,5,5,41209,121332.719,8241.800,1,16964,2
heap,PRIMARY_KEY_LOOKUP,FRESH_PER_OPERATION,READ,EXECUTE,REPEATED_OPERATIONS,OPERATION,10,1000,128,100,2,5,45,538044,83636.283,11956.533,1,16964,1
heap,PRIMARY_KEY_LOOKUP,FRESH_PER_OPERATION,READ,EXECUTE,REPEATED_OPERATIONS,OPERATION,10,1000,128,100,2,5,45,350958,128220.471,7799.067,1,16964,2
heap,PRIMARY_KEY_LOOKUP,FRESH_PER_OPERATION,READ,COMMIT,TRANSACTION_END,TRANSACTION,10,1000,128,100,2,5,5,25709,194484.422,5141.800,1,16964,1
heap,PRIMARY_KEY_LOOKUP,FRESH_PER_OPERATION,READ,COMMIT,TRANSACTION_END,TRANSACTION,10,1000,128,100,2,5,5,5709,875810.124,1141.800,1,16964,2
heap,PRIMARY_KEY_LOOKUP,FRESH_PER_OPERATION,READ,ROLLBACK,TRANSACTION_END,TRANSACTION,10,1000,128,100,2,5,5,12500,400000.000,2500.000,1,16964,1
heap,PRIMARY_KEY_LOOKUP,FRESH_PER_OPERATION,READ,ROLLBACK,TRANSACTION_END,TRANSACTION,10,1000,128,100,2,5,5,5000,1000000.000,1000.000,1,16964,2
heap,PRIMARY_KEY_LOOKUP,REUSED_ACROSS_TRANSACTIONS,READ,EXECUTE,FIRST_OPERATION,OPERATION,10,1000,128,100,2,5,5,51585,96927.401,10317.000,1,16964,1
heap,PRIMARY_KEY_LOOKUP,REUSED_ACROSS_TRANSACTIONS,READ,EXECUTE,FIRST_OPERATION,OPERATION,10,1000,128,100,2,5,5,1499166,3335.188,299833.200,1,16964,2
heap,PRIMARY_KEY_LOOKUP,REUSED_ACROSS_TRANSACTIONS,READ,EXECUTE,REPEATED_OPERATIONS,OPERATION,10,1000,128,100,2,5,45,403913,111410.130,8975.844,1,16964,1
heap,PRIMARY_KEY_LOOKUP,REUSED_ACROSS_TRANSACTIONS,READ,EXECUTE,REPEATED_OPERATIONS,OPERATION,10,1000,128,100,2,5,45,259792,173215.495,5773.156,1,16964,2
heap,PRIMARY_KEY_LOOKUP,REUSED_ACROSS_TRANSACTIONS,READ,COMMIT,TRANSACTION_END,TRANSACTION,10,1000,128,100,2,5,5,52582,95089.574,10516.400,1,16964,1
heap,PRIMARY_KEY_LOOKUP,REUSED_ACROSS_TRANSACTIONS,READ,COMMIT,TRANSACTION_END,TRANSACTION,10,1000,128,100,2,5,5,6584,759416.768,1316.800,1,16964,2
heap,PRIMARY_KEY_LOOKUP,REUSED_ACROSS_TRANSACTIONS,READ,ROLLBACK,TRANSACTION_END,TRANSACTION,10,1000,128,100,2,5,5,10710,466853.408,2142.000,1,16964,1
heap,PRIMARY_KEY_LOOKUP,REUSED_ACROSS_TRANSACTIONS,READ,ROLLBACK,TRANSACTION_END,TRANSACTION,10,1000,128,100,2,5,5,7000,714285.714,1400.000,1,16964,2
heap,SECONDARY_EQUALITY_LOOKUP,FRESH_PER_OPERATION,READ,PREPARE,FIRST_OPERATION,OPERATION,10,1000,128,100,2,5,5,11043,452775.514,2208.600,59,4724203498498060999,1
heap,SECONDARY_EQUALITY_LOOKUP,FRESH_PER_OPERATION,READ,PREPARE,FIRST_OPERATION,OPERATION,10,1000,128,100,2,5,5,10000,500000.000,2000.000,59,4724203498498060999,2
heap,SECONDARY_EQUALITY_LOOKUP,FRESH_PER_OPERATION,READ,PREPARE,REPEATED_OPERATIONS,OPERATION,10,1000,128,100,2,5,45,116205,387246.676,2582.333,59,4724203498498060999,1
heap,SECONDARY_EQUALITY_LOOKUP,FRESH_PER_OPERATION,READ,PREPARE,REPEATED_OPERATIONS,OPERATION,10,1000,128,100,2,5,45,115707,388913.376,2571.267,59,4724203498498060999,2
heap,SECONDARY_EQUALITY_LOOKUP,FRESH_PER_OPERATION,READ,EXECUTE,FIRST_OPERATION,OPERATION,10,1000,128,100,2,5,5,618249,8087.356,123649.800,59,4724203498498060999,1
heap,SECONDARY_EQUALITY_LOOKUP,FRESH_PER_OPERATION,READ,EXECUTE,FIRST_OPERATION,OPERATION,10,1000,128,100,2,5,5,488958,10225.827,97791.600,59,4724203498498060999,2
heap,SECONDARY_EQUALITY_LOOKUP,FRESH_PER_OPERATION,READ,EXECUTE,REPEATED_OPERATIONS,OPERATION,10,1000,128,100,2,5,45,5264504,8547.814,116988.978,59,4724203498498060999,1
heap,SECONDARY_EQUALITY_LOOKUP,FRESH_PER_OPERATION,READ,EXECUTE,REPEATED_OPERATIONS,OPERATION,10,1000,128,100,2,5,45,6699540,6716.879,148878.667,59,4724203498498060999,2
heap,SECONDARY_EQUALITY_LOOKUP,FRESH_PER_OPERATION,READ,COMMIT,TRANSACTION_END,TRANSACTION,10,1000,128,100,2,5,5,51083,97879.921,10216.600,59,4724203498498060999,1
heap,SECONDARY_EQUALITY_LOOKUP,FRESH_PER_OPERATION,READ,COMMIT,TRANSACTION_END,TRANSACTION,10,1000,128,100,2,5,5,27248,183499.706,5449.600,59,4724203498498060999,2
heap,SECONDARY_EQUALITY_LOOKUP,FRESH_PER_OPERATION,READ,ROLLBACK,TRANSACTION_END,TRANSACTION,10,1000,128,100,2,5,5,23210,215424.386,4642.000,59,4724203498498060999,1
heap,SECONDARY_EQUALITY_LOOKUP,FRESH_PER_OPERATION,READ,ROLLBACK,TRANSACTION_END,TRANSACTION,10,1000,128,100,2,5,5,15334,326072.779,3066.800,59,4724203498498060999,2
heap,SECONDARY_EQUALITY_LOOKUP,REUSED_ACROSS_TRANSACTIONS,READ,EXECUTE,FIRST_OPERATION,OPERATION,10,1000,128,100,2,5,5,547333,9135.207,109466.600,59,4724203498498060999,1
heap,SECONDARY_EQUALITY_LOOKUP,REUSED_ACROSS_TRANSACTIONS,READ,EXECUTE,FIRST_OPERATION,OPERATION,10,1000,128,100,2,5,5,484625,10317.256,96925.000,59,4724203498498060999,2
heap,SECONDARY_EQUALITY_LOOKUP,REUSED_ACROSS_TRANSACTIONS,READ,EXECUTE,REPEATED_OPERATIONS,OPERATION,10,1000,128,100,2,5,45,5049288,8912.148,112206.400,59,4724203498498060999,1
heap,SECONDARY_EQUALITY_LOOKUP,REUSED_ACROSS_TRANSACTIONS,READ,EXECUTE,REPEATED_OPERATIONS,OPERATION,10,1000,128,100,2,5,45,4323628,10407.926,96080.622,59,4724203498498060999,2
heap,SECONDARY_EQUALITY_LOOKUP,REUSED_ACROSS_TRANSACTIONS,READ,COMMIT,TRANSACTION_END,TRANSACTION,10,1000,128,100,2,5,5,28416,175957.207,5683.200,59,4724203498498060999,1
heap,SECONDARY_EQUALITY_LOOKUP,REUSED_ACROSS_TRANSACTIONS,READ,COMMIT,TRANSACTION_END,TRANSACTION,10,1000,128,100,2,5,5,22834,218971.709,4566.800,59,4724203498498060999,2
heap,SECONDARY_EQUALITY_LOOKUP,REUSED_ACROSS_TRANSACTIONS,READ,ROLLBACK,TRANSACTION_END,TRANSACTION,10,1000,128,100,2,5,5,17415,287108.814,3483.000,59,4724203498498060999,1
heap,SECONDARY_EQUALITY_LOOKUP,REUSED_ACROSS_TRANSACTIONS,READ,ROLLBACK,TRANSACTION_END,TRANSACTION,10,1000,128,100,2,5,5,10584,472411.187,2116.800,59,4724203498498060999,2
heap,COMPOSITE_RANGE_SCAN,FRESH_PER_OPERATION,READ,PREPARE,FIRST_OPERATION,OPERATION,10,1000,128,100,2,5,5,14834,337063.503,2966.800,48,3307281027342571328,1
heap,COMPOSITE_RANGE_SCAN,FRESH_PER_OPERATION,READ,PREPARE,FIRST_OPERATION,OPERATION,10,1000,128,100,2,5,5,10832,461595.273,2166.400,48,3307281027342571328,2
heap,COMPOSITE_RANGE_SCAN,FRESH_PER_OPERATION,READ,PREPARE,REPEATED_OPERATIONS,OPERATION,10,1000,128,100,2,5,45,131084,343291.325,2912.978,48,3307281027342571328,1
heap,COMPOSITE_RANGE_SCAN,FRESH_PER_OPERATION,READ,PREPARE,REPEATED_OPERATIONS,OPERATION,10,1000,128,100,2,5,45,134586,334358.700,2990.800,48,3307281027342571328,2
heap,COMPOSITE_RANGE_SCAN,FRESH_PER_OPERATION,READ,EXECUTE,FIRST_OPERATION,OPERATION,10,1000,128,100,2,5,5,536208,9324.740,107241.600,48,3307281027342571328,1
heap,COMPOSITE_RANGE_SCAN,FRESH_PER_OPERATION,READ,EXECUTE,FIRST_OPERATION,OPERATION,10,1000,128,100,2,5,5,460960,10846.928,92192.000,48,3307281027342571328,2
heap,COMPOSITE_RANGE_SCAN,FRESH_PER_OPERATION,READ,EXECUTE,REPEATED_OPERATIONS,OPERATION,10,1000,128,100,2,5,45,4921541,9143.478,109367.578,48,3307281027342571328,1
heap,COMPOSITE_RANGE_SCAN,FRESH_PER_OPERATION,READ,EXECUTE,REPEATED_OPERATIONS,OPERATION,10,1000,128,100,2,5,45,4130875,10893.576,91797.222,48,3307281027342571328,2
heap,COMPOSITE_RANGE_SCAN,FRESH_PER_OPERATION,READ,COMMIT,TRANSACTION_END,TRANSACTION,10,1000,128,100,2,5,5,30583,163489.520,6116.600,48,3307281027342571328,1
heap,COMPOSITE_RANGE_SCAN,FRESH_PER_OPERATION,READ,COMMIT,TRANSACTION_END,TRANSACTION,10,1000,128,100,2,5,5,17751,281674.272,3550.200,48,3307281027342571328,2
heap,COMPOSITE_RANGE_SCAN,FRESH_PER_OPERATION,READ,ROLLBACK,TRANSACTION_END,TRANSACTION,10,1000,128,100,2,5,5,35792,139696.021,7158.400,48,3307281027342571328,1
heap,COMPOSITE_RANGE_SCAN,FRESH_PER_OPERATION,READ,ROLLBACK,TRANSACTION_END,TRANSACTION,10,1000,128,100,2,5,5,16417,304562.344,3283.400,48,3307281027342571328,2
heap,COMPOSITE_RANGE_SCAN,REUSED_ACROSS_TRANSACTIONS,READ,EXECUTE,FIRST_OPERATION,OPERATION,10,1000,128,100,2,5,5,517750,9657.170,103550.000,48,3307281027342571328,1
heap,COMPOSITE_RANGE_SCAN,REUSED_ACROSS_TRANSACTIONS,READ,EXECUTE,FIRST_OPERATION,OPERATION,10,1000,128,100,2,5,5,453251,11031.415,90650.200,48,3307281027342571328,2
heap,COMPOSITE_RANGE_SCAN,REUSED_ACROSS_TRANSACTIONS,READ,EXECUTE,REPEATED_OPERATIONS,OPERATION,10,1000,128,100,2,5,45,4759209,9455.353,105760.200,48,3307281027342571328,1
heap,COMPOSITE_RANGE_SCAN,REUSED_ACROSS_TRANSACTIONS,READ,EXECUTE,REPEATED_OPERATIONS,OPERATION,10,1000,128,100,2,5,45,5105667,8813.736,113459.267,48,3307281027342571328,2
heap,COMPOSITE_RANGE_SCAN,REUSED_ACROSS_TRANSACTIONS,READ,COMMIT,TRANSACTION_END,TRANSACTION,10,1000,128,100,2,5,5,18917,264312.523,3783.400,48,3307281027342571328,1
heap,COMPOSITE_RANGE_SCAN,REUSED_ACROSS_TRANSACTIONS,READ,COMMIT,TRANSACTION_END,TRANSACTION,10,1000,128,100,2,5,5,16084,310867.943,3216.800,48,3307281027342571328,2
heap,COMPOSITE_RANGE_SCAN,REUSED_ACROSS_TRANSACTIONS,READ,ROLLBACK,TRANSACTION_END,TRANSACTION,10,1000,128,100,2,5,5,19541,255872.269,3908.200,48,3307281027342571328,1
heap,COMPOSITE_RANGE_SCAN,REUSED_ACROSS_TRANSACTIONS,READ,ROLLBACK,TRANSACTION_END,TRANSACTION,10,1000,128,100,2,5,5,14959,334246.942,2991.800,48,3307281027342571328,2
heap,FULL_SCAN,FRESH_PER_OPERATION,READ,PREPARE,FIRST_OPERATION,OPERATION,10,1000,128,100,2,5,5,55500,90090.090,11100.000,1000,1266487543966429532,1
heap,FULL_SCAN,FRESH_PER_OPERATION,READ,PREPARE,FIRST_OPERATION,OPERATION,10,1000,128,100,2,5,5,29875,167364.017,5975.000,1000,1266487543966429532,2
heap,FULL_SCAN,FRESH_PER_OPERATION,READ,PREPARE,REPEATED_OPERATIONS,OPERATION,10,1000,128,100,2,5,45,324333,138746.289,7207.400,1000,1266487543966429532,1
heap,FULL_SCAN,FRESH_PER_OPERATION,READ,PREPARE,REPEATED_OPERATIONS,OPERATION,10,1000,128,100,2,5,45,376332,119575.269,8362.933,1000,1266487543966429532,2
heap,FULL_SCAN,FRESH_PER_OPERATION,READ,EXECUTE,FIRST_OPERATION,OPERATION,10,1000,128,100,2,5,5,11193292,446.696,2238658.400,1000,1266487543966429532,1
heap,FULL_SCAN,FRESH_PER_OPERATION,READ,EXECUTE,FIRST_OPERATION,OPERATION,10,1000,128,100,2,5,5,10792043,463.304,2158408.600,1000,1266487543966429532,2
heap,FULL_SCAN,FRESH_PER_OPERATION,READ,EXECUTE,REPEATED_OPERATIONS,OPERATION,10,1000,128,100,2,5,45,100440000,448.029,2232000.000,1000,1266487543966429532,1
heap,FULL_SCAN,FRESH_PER_OPERATION,READ,EXECUTE,REPEATED_OPERATIONS,OPERATION,10,1000,128,100,2,5,45,99485501,452.327,2210788.911,1000,1266487543966429532,2
heap,FULL_SCAN,FRESH_PER_OPERATION,READ,COMMIT,TRANSACTION_END,TRANSACTION,10,1000,128,100,2,5,5,113750,43956.044,22750.000,1000,1266487543966429532,1
heap,FULL_SCAN,FRESH_PER_OPERATION,READ,COMMIT,TRANSACTION_END,TRANSACTION,10,1000,128,100,2,5,5,77875,64205.457,15575.000,1000,1266487543966429532,2
heap,FULL_SCAN,FRESH_PER_OPERATION,READ,ROLLBACK,TRANSACTION_END,TRANSACTION,10,1000,128,100,2,5,5,110251,45351.063,22050.200,1000,1266487543966429532,1
heap,FULL_SCAN,FRESH_PER_OPERATION,READ,ROLLBACK,TRANSACTION_END,TRANSACTION,10,1000,128,100,2,5,5,63084,79259.400,12616.800,1000,1266487543966429532,2
heap,FULL_SCAN,REUSED_ACROSS_TRANSACTIONS,READ,EXECUTE,FIRST_OPERATION,OPERATION,10,1000,128,100,2,5,5,10638958,469.971,2127791.600,1000,1266487543966429532,1
heap,FULL_SCAN,REUSED_ACROSS_TRANSACTIONS,READ,EXECUTE,FIRST_OPERATION,OPERATION,10,1000,128,100,2,5,5,10913376,458.153,2182675.200,1000,1266487543966429532,2
heap,FULL_SCAN,REUSED_ACROSS_TRANSACTIONS,READ,EXECUTE,REPEATED_OPERATIONS,OPERATION,10,1000,128,100,2,5,45,98022624,459.078,2178280.533,1000,1266487543966429532,1
heap,FULL_SCAN,REUSED_ACROSS_TRANSACTIONS,READ,EXECUTE,REPEATED_OPERATIONS,OPERATION,10,1000,128,100,2,5,45,101125287,444.993,2247228.600,1000,1266487543966429532,2
heap,FULL_SCAN,REUSED_ACROSS_TRANSACTIONS,READ,COMMIT,TRANSACTION_END,TRANSACTION,10,1000,128,100,2,5,5,89292,55996.058,17858.400,1000,1266487543966429532,1
heap,FULL_SCAN,REUSED_ACROSS_TRANSACTIONS,READ,COMMIT,TRANSACTION_END,TRANSACTION,10,1000,128,100,2,5,5,105999,47170.256,21199.800,1000,1266487543966429532,2
heap,FULL_SCAN,REUSED_ACROSS_TRANSACTIONS,READ,ROLLBACK,TRANSACTION_END,TRANSACTION,10,1000,128,100,2,5,5,174625,28632.785,34925.000,1000,1266487543966429532,1
heap,FULL_SCAN,REUSED_ACROSS_TRANSACTIONS,READ,ROLLBACK,TRANSACTION_END,TRANSACTION,10,1000,128,100,2,5,5,87209,57333.532,17441.800,1000,1266487543966429532,2
heap,AGGREGATE,FRESH_PER_OPERATION,READ,PREPARE,FIRST_OPERATION,OPERATION,10,1000,128,100,2,5,5,33083,151135.024,6616.600,17,7965525936446687820,1
heap,AGGREGATE,FRESH_PER_OPERATION,READ,PREPARE,FIRST_OPERATION,OPERATION,10,1000,128,100,2,5,5,24375,205128.205,4875.000,17,7965525936446687820,2
heap,AGGREGATE,FRESH_PER_OPERATION,READ,PREPARE,REPEATED_OPERATIONS,OPERATION,10,1000,128,100,2,5,45,206085,218356.503,4579.667,17,7965525936446687820,1
heap,AGGREGATE,FRESH_PER_OPERATION,READ,PREPARE,REPEATED_OPERATIONS,OPERATION,10,1000,128,100,2,5,45,353496,127299.885,7855.467,17,7965525936446687820,2
heap,AGGREGATE,FRESH_PER_OPERATION,READ,EXECUTE,FIRST_OPERATION,OPERATION,10,1000,128,100,2,5,5,8607585,580.883,1721517.000,17,7965525936446687820,1
heap,AGGREGATE,FRESH_PER_OPERATION,READ,EXECUTE,FIRST_OPERATION,OPERATION,10,1000,128,100,2,5,5,8907959,561.296,1781591.800,17,7965525936446687820,2
heap,AGGREGATE,FRESH_PER_OPERATION,READ,EXECUTE,REPEATED_OPERATIONS,OPERATION,10,1000,128,100,2,5,45,77987248,577.017,1733049.956,17,7965525936446687820,1
heap,AGGREGATE,FRESH_PER_OPERATION,READ,EXECUTE,REPEATED_OPERATIONS,OPERATION,10,1000,128,100,2,5,45,79595170,565.361,1768781.556,17,7965525936446687820,2
heap,AGGREGATE,FRESH_PER_OPERATION,READ,COMMIT,TRANSACTION_END,TRANSACTION,10,1000,128,100,2,5,5,85999,58140.211,17199.800,17,7965525936446687820,1
heap,AGGREGATE,FRESH_PER_OPERATION,READ,COMMIT,TRANSACTION_END,TRANSACTION,10,1000,128,100,2,5,5,85917,58195.701,17183.400,17,7965525936446687820,2
heap,AGGREGATE,FRESH_PER_OPERATION,READ,ROLLBACK,TRANSACTION_END,TRANSACTION,10,1000,128,100,2,5,5,90084,55503.752,18016.800,17,7965525936446687820,1
heap,AGGREGATE,FRESH_PER_OPERATION,READ,ROLLBACK,TRANSACTION_END,TRANSACTION,10,1000,128,100,2,5,5,70501,70920.980,14100.200,17,7965525936446687820,2
heap,AGGREGATE,REUSED_ACROSS_TRANSACTIONS,READ,EXECUTE,FIRST_OPERATION,OPERATION,10,1000,128,100,2,5,5,8701167,574.636,1740233.400,17,7965525936446687820,1
heap,AGGREGATE,REUSED_ACROSS_TRANSACTIONS,READ,EXECUTE,FIRST_OPERATION,OPERATION,10,1000,128,100,2,5,5,8710167,574.042,1742033.400,17,7965525936446687820,2
heap,AGGREGATE,REUSED_ACROSS_TRANSACTIONS,READ,EXECUTE,REPEATED_OPERATIONS,OPERATION,10,1000,128,100,2,5,45,79728167,564.418,1771737.044,17,7965525936446687820,1
heap,AGGREGATE,REUSED_ACROSS_TRANSACTIONS,READ,EXECUTE,REPEATED_OPERATIONS,OPERATION,10,1000,128,100,2,5,45,78873832,570.531,1752751.822,17,7965525936446687820,2
heap,AGGREGATE,REUSED_ACROSS_TRANSACTIONS,READ,COMMIT,TRANSACTION_END,TRANSACTION,10,1000,128,100,2,5,5,100249,49875.809,20049.800,17,7965525936446687820,1
heap,AGGREGATE,REUSED_ACROSS_TRANSACTIONS,READ,COMMIT,TRANSACTION_END,TRANSACTION,10,1000,128,100,2,5,5,88667,56390.765,17733.400,17,7965525936446687820,2
heap,AGGREGATE,REUSED_ACROSS_TRANSACTIONS,READ,ROLLBACK,TRANSACTION_END,TRANSACTION,10,1000,128,100,2,5,5,59917,83448.771,11983.400,17,7965525936446687820,1
heap,AGGREGATE,REUSED_ACROSS_TRANSACTIONS,READ,ROLLBACK,TRANSACTION_END,TRANSACTION,10,1000,128,100,2,5,5,71750,69686.411,14350.000,17,7965525936446687820,2
heap,INDEXED_UPDATE,FRESH_PER_OPERATION,WRITE,PREPARE,FIRST_OPERATION,OPERATION,1,1000,128,100,2,5,5,144875,34512.511,28975.000,1,20658,1
heap,INDEXED_UPDATE,FRESH_PER_OPERATION,WRITE,PREPARE,FIRST_OPERATION,OPERATION,1,1000,128,100,2,5,5,18583,269063.122,3716.600,1,20658,2
heap,INDEXED_UPDATE,FRESH_PER_OPERATION,WRITE,EXECUTE,FIRST_OPERATION,OPERATION,1,1000,128,100,2,5,5,818625,6107.803,163725.000,1,20658,1
heap,INDEXED_UPDATE,FRESH_PER_OPERATION,WRITE,EXECUTE,FIRST_OPERATION,OPERATION,1,1000,128,100,2,5,5,314876,15879.267,62975.200,1,20658,2
heap,INDEXED_UPDATE,FRESH_PER_OPERATION,WRITE,COMMIT,TRANSACTION_END,TRANSACTION,1,1000,128,100,2,5,5,193000,25906.736,38600.000,1,20658,1
heap,INDEXED_UPDATE,FRESH_PER_OPERATION,WRITE,COMMIT,TRANSACTION_END,TRANSACTION,1,1000,128,100,2,5,5,165833,30150.814,33166.600,1,20658,2
heap,INDEXED_UPDATE,FRESH_PER_OPERATION,WRITE,ROLLBACK,TRANSACTION_END,TRANSACTION,1,1000,128,100,2,5,5,1335708,3743.333,267141.600,1,20658,1
heap,INDEXED_UPDATE,FRESH_PER_OPERATION,WRITE,ROLLBACK,TRANSACTION_END,TRANSACTION,1,1000,128,100,2,5,5,761209,6568.498,152241.800,1,20658,2
heap,INDEXED_UPDATE,REUSED_ACROSS_TRANSACTIONS,WRITE,EXECUTE,FIRST_OPERATION,OPERATION,1,1000,128,100,2,5,5,419584,11916.565,83916.800,1,20658,1
heap,INDEXED_UPDATE,REUSED_ACROSS_TRANSACTIONS,WRITE,EXECUTE,FIRST_OPERATION,OPERATION,1,1000,128,100,2,5,5,442085,11310.042,88417.000,1,20658,2
heap,INDEXED_UPDATE,REUSED_ACROSS_TRANSACTIONS,WRITE,COMMIT,TRANSACTION_END,TRANSACTION,1,1000,128,100,2,5,5,168874,29607.873,33774.800,1,20658,1
heap,INDEXED_UPDATE,REUSED_ACROSS_TRANSACTIONS,WRITE,COMMIT,TRANSACTION_END,TRANSACTION,1,1000,128,100,2,5,5,158874,31471.481,31774.800,1,20658,2
heap,INDEXED_UPDATE,REUSED_ACROSS_TRANSACTIONS,WRITE,ROLLBACK,TRANSACTION_END,TRANSACTION,1,1000,128,100,2,5,5,895417,5583.990,179083.400,1,20658,1
heap,INDEXED_UPDATE,REUSED_ACROSS_TRANSACTIONS,WRITE,ROLLBACK,TRANSACTION_END,TRANSACTION,1,1000,128,100,2,5,5,1055543,4736.898,211108.600,1,20658,2
heap,DELETE_REINSERT,FRESH_PER_OPERATION,WRITE,PREPARE,FIRST_OPERATION,OPERATION,1,1000,128,100,2,5,5,53918,92733.410,10783.600,1,32149,1
heap,DELETE_REINSERT,FRESH_PER_OPERATION,WRITE,PREPARE,FIRST_OPERATION,OPERATION,1,1000,128,100,2,5,5,26625,187793.427,5325.000,1,32149,2
heap,DELETE_REINSERT,FRESH_PER_OPERATION,WRITE,EXECUTE,FIRST_OPERATION,OPERATION,1,1000,128,100,2,5,5,651666,7672.642,130333.200,1,32149,1
heap,DELETE_REINSERT,FRESH_PER_OPERATION,WRITE,EXECUTE,FIRST_OPERATION,OPERATION,1,1000,128,100,2,5,5,451166,11082.395,90233.200,1,32149,2
heap,DELETE_REINSERT,FRESH_PER_OPERATION,WRITE,COMMIT,TRANSACTION_END,TRANSACTION,1,1000,128,100,2,5,5,237291,21071.174,47458.200,1,32149,1
heap,DELETE_REINSERT,FRESH_PER_OPERATION,WRITE,COMMIT,TRANSACTION_END,TRANSACTION,1,1000,128,100,2,5,5,142208,35159.766,28441.600,1,32149,2
heap,DELETE_REINSERT,FRESH_PER_OPERATION,WRITE,ROLLBACK,TRANSACTION_END,TRANSACTION,1,1000,128,100,2,5,5,1265874,3949.840,253174.800,1,32149,1
heap,DELETE_REINSERT,FRESH_PER_OPERATION,WRITE,ROLLBACK,TRANSACTION_END,TRANSACTION,1,1000,128,100,2,5,5,1007835,4961.130,201567.000,1,32149,2
heap,DELETE_REINSERT,REUSED_ACROSS_TRANSACTIONS,WRITE,EXECUTE,FIRST_OPERATION,OPERATION,1,1000,128,100,2,5,5,824958,6060.915,164991.600,1,32149,1
heap,DELETE_REINSERT,REUSED_ACROSS_TRANSACTIONS,WRITE,EXECUTE,FIRST_OPERATION,OPERATION,1,1000,128,100,2,5,5,395750,12634.239,79150.000,1,32149,2
heap,DELETE_REINSERT,REUSED_ACROSS_TRANSACTIONS,WRITE,COMMIT,TRANSACTION_END,TRANSACTION,1,1000,128,100,2,5,5,189791,26344.769,37958.200,1,32149,1
heap,DELETE_REINSERT,REUSED_ACROSS_TRANSACTIONS,WRITE,COMMIT,TRANSACTION_END,TRANSACTION,1,1000,128,100,2,5,5,160541,31144.692,32108.200,1,32149,2
heap,DELETE_REINSERT,REUSED_ACROSS_TRANSACTIONS,WRITE,ROLLBACK,TRANSACTION_END,TRANSACTION,1,1000,128,100,2,5,5,1361125,3673.432,272225.000,1,32149,1
heap,DELETE_REINSERT,REUSED_ACROSS_TRANSACTIONS,WRITE,ROLLBACK,TRANSACTION_END,TRANSACTION,1,1000,128,100,2,5,5,990708,5046.896,198141.600,1,32149,2
mvcc,PRIMARY_KEY_LOOKUP,FRESH_PER_OPERATION,READ,PREPARE,FIRST_OPERATION,OPERATION,10,1000,128,100,2,5,5,11875,421052.632,2375.000,1,16964,1
mvcc,PRIMARY_KEY_LOOKUP,FRESH_PER_OPERATION,READ,PREPARE,FIRST_OPERATION,OPERATION,10,1000,128,100,2,5,5,5584,895415.473,1116.800,1,16964,2
mvcc,PRIMARY_KEY_LOOKUP,FRESH_PER_OPERATION,READ,PREPARE,REPEATED_OPERATIONS,OPERATION,10,1000,128,100,2,5,45,103915,433046.240,2309.222,1,16964,1
mvcc,PRIMARY_KEY_LOOKUP,FRESH_PER_OPERATION,READ,PREPARE,REPEATED_OPERATIONS,OPERATION,10,1000,128,100,2,5,45,48502,927796.792,1077.822,1,16964,2
mvcc,PRIMARY_KEY_LOOKUP,FRESH_PER_OPERATION,READ,EXECUTE,FIRST_OPERATION,OPERATION,10,1000,128,100,2,5,5,45709,109387.648,9141.800,1,16964,1
mvcc,PRIMARY_KEY_LOOKUP,FRESH_PER_OPERATION,READ,EXECUTE,FIRST_OPERATION,OPERATION,10,1000,128,100,2,5,5,87332,57252.782,17466.400,1,16964,2
mvcc,PRIMARY_KEY_LOOKUP,FRESH_PER_OPERATION,READ,EXECUTE,REPEATED_OPERATIONS,OPERATION,10,1000,128,100,2,5,45,430539,104520.148,9567.533,1,16964,1
mvcc,PRIMARY_KEY_LOOKUP,FRESH_PER_OPERATION,READ,EXECUTE,REPEATED_OPERATIONS,OPERATION,10,1000,128,100,2,5,45,825336,54523.249,18340.800,1,16964,2
mvcc,PRIMARY_KEY_LOOKUP,FRESH_PER_OPERATION,READ,COMMIT,TRANSACTION_END,TRANSACTION,10,1000,128,100,2,5,5,10250,487804.878,2050.000,1,16964,1
mvcc,PRIMARY_KEY_LOOKUP,FRESH_PER_OPERATION,READ,COMMIT,TRANSACTION_END,TRANSACTION,10,1000,128,100,2,5,5,10083,495884.161,2016.600,1,16964,2
mvcc,PRIMARY_KEY_LOOKUP,FRESH_PER_OPERATION,READ,ROLLBACK,TRANSACTION_END,TRANSACTION,10,1000,128,100,2,5,5,6792,736160.188,1358.400,1,16964,1
mvcc,PRIMARY_KEY_LOOKUP,FRESH_PER_OPERATION,READ,ROLLBACK,TRANSACTION_END,TRANSACTION,10,1000,128,100,2,5,5,6459,774113.640,1291.800,1,16964,2
mvcc,PRIMARY_KEY_LOOKUP,REUSED_ACROSS_TRANSACTIONS,READ,EXECUTE,FIRST_OPERATION,OPERATION,10,1000,128,100,2,5,5,48125,103896.104,9625.000,1,16964,1
mvcc,PRIMARY_KEY_LOOKUP,REUSED_ACROSS_TRANSACTIONS,READ,EXECUTE,FIRST_OPERATION,OPERATION,10,1000,128,100,2,5,5,84001,59523.101,16800.200,1,16964,2
mvcc,PRIMARY_KEY_LOOKUP,REUSED_ACROSS_TRANSACTIONS,READ,EXECUTE,REPEATED_OPERATIONS,OPERATION,10,1000,128,100,2,5,45,405667,110928.422,9014.822,1,16964,1
mvcc,PRIMARY_KEY_LOOKUP,REUSED_ACROSS_TRANSACTIONS,READ,EXECUTE,REPEATED_OPERATIONS,OPERATION,10,1000,128,100,2,5,45,753623,59711.553,16747.178,1,16964,2
mvcc,PRIMARY_KEY_LOOKUP,REUSED_ACROSS_TRANSACTIONS,READ,COMMIT,TRANSACTION_END,TRANSACTION,10,1000,128,100,2,5,5,36960,135281.385,7392.000,1,16964,1
mvcc,PRIMARY_KEY_LOOKUP,REUSED_ACROSS_TRANSACTIONS,READ,COMMIT,TRANSACTION_END,TRANSACTION,10,1000,128,100,2,5,5,9750,512820.513,1950.000,1,16964,2
mvcc,PRIMARY_KEY_LOOKUP,REUSED_ACROSS_TRANSACTIONS,READ,ROLLBACK,TRANSACTION_END,TRANSACTION,10,1000,128,100,2,5,5,6500,769230.769,1300.000,1,16964,1
mvcc,PRIMARY_KEY_LOOKUP,REUSED_ACROSS_TRANSACTIONS,READ,ROLLBACK,TRANSACTION_END,TRANSACTION,10,1000,128,100,2,5,5,7707,648760.867,1541.400,1,16964,2
mvcc,SECONDARY_EQUALITY_LOOKUP,FRESH_PER_OPERATION,READ,PREPARE,FIRST_OPERATION,OPERATION,10,1000,128,100,2,5,5,16125,310077.519,3225.000,59,4724203498498060999,1
mvcc,SECONDARY_EQUALITY_LOOKUP,FRESH_PER_OPERATION,READ,PREPARE,FIRST_OPERATION,OPERATION,10,1000,128,100,2,5,5,7583,659369.643,1516.600,59,4724203498498060999,2
mvcc,SECONDARY_EQUALITY_LOOKUP,FRESH_PER_OPERATION,READ,PREPARE,REPEATED_OPERATIONS,OPERATION,10,1000,128,100,2,5,45,216038,208296.689,4800.844,59,4724203498498060999,1
mvcc,SECONDARY_EQUALITY_LOOKUP,FRESH_PER_OPERATION,READ,PREPARE,REPEATED_OPERATIONS,OPERATION,10,1000,128,100,2,5,45,107583,418281.699,2390.733,59,4724203498498060999,2
mvcc,SECONDARY_EQUALITY_LOOKUP,FRESH_PER_OPERATION,READ,EXECUTE,FIRST_OPERATION,OPERATION,10,1000,128,100,2,5,5,2111333,2368.172,422266.600,59,4724203498498060999,1
mvcc,SECONDARY_EQUALITY_LOOKUP,FRESH_PER_OPERATION,READ,EXECUTE,FIRST_OPERATION,OPERATION,10,1000,128,100,2,5,5,2523167,1981.637,504633.400,59,4724203498498060999,2
mvcc,SECONDARY_EQUALITY_LOOKUP,FRESH_PER_OPERATION,READ,EXECUTE,REPEATED_OPERATIONS,OPERATION,10,1000,128,100,2,5,45,8615832,5222.943,191462.933,59,4724203498498060999,1
mvcc,SECONDARY_EQUALITY_LOOKUP,FRESH_PER_OPERATION,READ,EXECUTE,REPEATED_OPERATIONS,OPERATION,10,1000,128,100,2,5,45,26903500,1672.645,597855.556,59,4724203498498060999,2
mvcc,SECONDARY_EQUALITY_LOOKUP,FRESH_PER_OPERATION,READ,COMMIT,TRANSACTION_END,TRANSACTION,10,1000,128,100,2,5,5,51500,97087.379,10300.000,59,4724203498498060999,1
mvcc,SECONDARY_EQUALITY_LOOKUP,FRESH_PER_OPERATION,READ,COMMIT,TRANSACTION_END,TRANSACTION,10,1000,128,100,2,5,5,68500,72992.701,13700.000,59,4724203498498060999,2
mvcc,SECONDARY_EQUALITY_LOOKUP,FRESH_PER_OPERATION,READ,ROLLBACK,TRANSACTION_END,TRANSACTION,10,1000,128,100,2,5,5,48918,102211.865,9783.600,59,4724203498498060999,1
mvcc,SECONDARY_EQUALITY_LOOKUP,FRESH_PER_OPERATION,READ,ROLLBACK,TRANSACTION_END,TRANSACTION,10,1000,128,100,2,5,5,61584,81189.919,12316.800,59,4724203498498060999,2
mvcc,SECONDARY_EQUALITY_LOOKUP,REUSED_ACROSS_TRANSACTIONS,READ,EXECUTE,FIRST_OPERATION,OPERATION,10,1000,128,100,2,5,5,1138042,4393.511,227608.400,59,4724203498498060999,1
mvcc,SECONDARY_EQUALITY_LOOKUP,REUSED_ACROSS_TRANSACTIONS,READ,EXECUTE,FIRST_OPERATION,OPERATION,10,1000,128,100,2,5,5,3138540,1593.097,627708.000,59,4724203498498060999,2
mvcc,SECONDARY_EQUALITY_LOOKUP,REUSED_ACROSS_TRANSACTIONS,READ,EXECUTE,REPEATED_OPERATIONS,OPERATION,10,1000,128,100,2,5,45,11399414,3947.571,253320.311,59,4724203498498060999,1
mvcc,SECONDARY_EQUALITY_LOOKUP,REUSED_ACROSS_TRANSACTIONS,READ,EXECUTE,REPEATED_OPERATIONS,OPERATION,10,1000,128,100,2,5,45,21273996,2115.258,472755.467,59,4724203498498060999,2
mvcc,SECONDARY_EQUALITY_LOOKUP,REUSED_ACROSS_TRANSACTIONS,READ,COMMIT,TRANSACTION_END,TRANSACTION,10,1000,128,100,2,5,5,52168,95844.196,10433.600,59,4724203498498060999,1
mvcc,SECONDARY_EQUALITY_LOOKUP,REUSED_ACROSS_TRANSACTIONS,READ,COMMIT,TRANSACTION_END,TRANSACTION,10,1000,128,100,2,5,5,72416,69045.515,14483.200,59,4724203498498060999,2
mvcc,SECONDARY_EQUALITY_LOOKUP,REUSED_ACROSS_TRANSACTIONS,READ,ROLLBACK,TRANSACTION_END,TRANSACTION,10,1000,128,100,2,5,5,64460,77567.484,12892.000,59,4724203498498060999,1
mvcc,SECONDARY_EQUALITY_LOOKUP,REUSED_ACROSS_TRANSACTIONS,READ,ROLLBACK,TRANSACTION_END,TRANSACTION,10,1000,128,100,2,5,5,66209,75518.434,13241.800,59,4724203498498060999,2
mvcc,COMPOSITE_RANGE_SCAN,FRESH_PER_OPERATION,READ,PREPARE,FIRST_OPERATION,OPERATION,10,1000,128,100,2,5,5,20667,241931.582,4133.400,48,3307281027342571328,1
mvcc,COMPOSITE_RANGE_SCAN,FRESH_PER_OPERATION,READ,PREPARE,FIRST_OPERATION,OPERATION,10,1000,128,100,2,5,5,13999,357168.369,2799.800,48,3307281027342571328,2
mvcc,COMPOSITE_RANGE_SCAN,FRESH_PER_OPERATION,READ,PREPARE,REPEATED_OPERATIONS,OPERATION,10,1000,128,100,2,5,45,275378,163411.747,6119.511,48,3307281027342571328,1
mvcc,COMPOSITE_RANGE_SCAN,FRESH_PER_OPERATION,READ,PREPARE,REPEATED_OPERATIONS,OPERATION,10,1000,128,100,2,5,45,170125,264511.389,3780.556,48,3307281027342571328,2
mvcc,COMPOSITE_RANGE_SCAN,FRESH_PER_OPERATION,READ,EXECUTE,FIRST_OPERATION,OPERATION,10,1000,128,100,2,5,5,2937000,1702.417,587400.000,48,3307281027342571328,1
mvcc,COMPOSITE_RANGE_SCAN,FRESH_PER_OPERATION,READ,EXECUTE,FIRST_OPERATION,OPERATION,10,1000,128,100,2,5,5,4737960,1055.307,947592.000,48,3307281027342571328,2
mvcc,COMPOSITE_RANGE_SCAN,FRESH_PER_OPERATION,READ,EXECUTE,REPEATED_OPERATIONS,OPERATION,10,1000,128,100,2,5,45,20217209,2225.827,449271.311,48,3307281027342571328,1
mvcc,COMPOSITE_RANGE_SCAN,FRESH_PER_OPERATION,READ,EXECUTE,REPEATED_OPERATIONS,OPERATION,10,1000,128,100,2,5,45,51201501,878.880,1137811.133,48,3307281027342571328,2
mvcc,COMPOSITE_RANGE_SCAN,FRESH_PER_OPERATION,READ,COMMIT,TRANSACTION_END,TRANSACTION,10,1000,128,100,2,5,5,63792,78379.734,12758.400,48,3307281027342571328,1
mvcc,COMPOSITE_RANGE_SCAN,FRESH_PER_OPERATION,READ,COMMIT,TRANSACTION_END,TRANSACTION,10,1000,128,100,2,5,5,76250,65573.770,15250.000,48,3307281027342571328,2
mvcc,COMPOSITE_RANGE_SCAN,FRESH_PER_OPERATION,READ,ROLLBACK,TRANSACTION_END,TRANSACTION,10,1000,128,100,2,5,5,47583,105079.545,9516.600,48,3307281027342571328,1
mvcc,COMPOSITE_RANGE_SCAN,FRESH_PER_OPERATION,READ,ROLLBACK,TRANSACTION_END,TRANSACTION,10,1000,128,100,2,5,5,66458,75235.487,13291.600,48,3307281027342571328,2
mvcc,COMPOSITE_RANGE_SCAN,REUSED_ACROSS_TRANSACTIONS,READ,EXECUTE,FIRST_OPERATION,OPERATION,10,1000,128,100,2,5,5,2537166,1970.703,507433.200,48,3307281027342571328,1
mvcc,COMPOSITE_RANGE_SCAN,REUSED_ACROSS_TRANSACTIONS,READ,EXECUTE,FIRST_OPERATION,OPERATION,10,1000,128,100,2,5,5,4298373,1163.231,859674.600,48,3307281027342571328,2
mvcc,COMPOSITE_RANGE_SCAN,REUSED_ACROSS_TRANSACTIONS,READ,EXECUTE,REPEATED_OPERATIONS,OPERATION,10,1000,128,100,2,5,45,27928748,1611.243,620638.844,48,3307281027342571328,1
mvcc,COMPOSITE_RANGE_SCAN,REUSED_ACROSS_TRANSACTIONS,READ,EXECUTE,REPEATED_OPERATIONS,OPERATION,10,1000,128,100,2,5,45,42775419,1052.006,950564.867,48,3307281027342571328,2
mvcc,COMPOSITE_RANGE_SCAN,REUSED_ACROSS_TRANSACTIONS,READ,COMMIT,TRANSACTION_END,TRANSACTION,10,1000,128,100,2,5,5,78792,63458.219,15758.400,48,3307281027342571328,1
mvcc,COMPOSITE_RANGE_SCAN,REUSED_ACROSS_TRANSACTIONS,READ,COMMIT,TRANSACTION_END,TRANSACTION,10,1000,128,100,2,5,5,99042,50483.633,19808.400,48,3307281027342571328,2
mvcc,COMPOSITE_RANGE_SCAN,REUSED_ACROSS_TRANSACTIONS,READ,ROLLBACK,TRANSACTION_END,TRANSACTION,10,1000,128,100,2,5,5,68166,73350.351,13633.200,48,3307281027342571328,1
mvcc,COMPOSITE_RANGE_SCAN,REUSED_ACROSS_TRANSACTIONS,READ,ROLLBACK,TRANSACTION_END,TRANSACTION,10,1000,128,100,2,5,5,81876,61067.956,16375.200,48,3307281027342571328,2
mvcc,FULL_SCAN,FRESH_PER_OPERATION,READ,PREPARE,FIRST_OPERATION,OPERATION,10,1000,128,100,2,5,5,12540,398724.083,2508.000,1000,1266487543966429532,1
mvcc,FULL_SCAN,FRESH_PER_OPERATION,READ,PREPARE,FIRST_OPERATION,OPERATION,10,1000,128,100,2,5,5,14417,346812.790,2883.400,1000,1266487543966429532,2
mvcc,FULL_SCAN,FRESH_PER_OPERATION,READ,PREPARE,REPEATED_OPERATIONS,OPERATION,10,1000,128,100,2,5,45,116082,387657.001,2579.600,1000,1266487543966429532,1
mvcc,FULL_SCAN,FRESH_PER_OPERATION,READ,PREPARE,REPEATED_OPERATIONS,OPERATION,10,1000,128,100,2,5,45,93920,479131.175,2087.111,1000,1266487543966429532,2
mvcc,FULL_SCAN,FRESH_PER_OPERATION,READ,EXECUTE,FIRST_OPERATION,OPERATION,10,1000,128,100,2,5,5,5535125,903.322,1107025.000,1000,1266487543966429532,1
mvcc,FULL_SCAN,FRESH_PER_OPERATION,READ,EXECUTE,FIRST_OPERATION,OPERATION,10,1000,128,100,2,5,5,4762959,1049.768,952591.800,1000,1266487543966429532,2
mvcc,FULL_SCAN,FRESH_PER_OPERATION,READ,EXECUTE,REPEATED_OPERATIONS,OPERATION,10,1000,128,100,2,5,45,42264206,1064.731,939204.578,1000,1266487543966429532,1
mvcc,FULL_SCAN,FRESH_PER_OPERATION,READ,EXECUTE,REPEATED_OPERATIONS,OPERATION,10,1000,128,100,2,5,45,42262046,1064.785,939156.578,1000,1266487543966429532,2
mvcc,FULL_SCAN,FRESH_PER_OPERATION,READ,COMMIT,TRANSACTION_END,TRANSACTION,10,1000,128,100,2,5,5,39375,126984.127,7875.000,1000,1266487543966429532,1
mvcc,FULL_SCAN,FRESH_PER_OPERATION,READ,COMMIT,TRANSACTION_END,TRANSACTION,10,1000,128,100,2,5,5,72791,68689.811,14558.200,1000,1266487543966429532,2
mvcc,FULL_SCAN,FRESH_PER_OPERATION,READ,ROLLBACK,TRANSACTION_END,TRANSACTION,10,1000,128,100,2,5,5,46167,108302.467,9233.400,1000,1266487543966429532,1
mvcc,FULL_SCAN,FRESH_PER_OPERATION,READ,ROLLBACK,TRANSACTION_END,TRANSACTION,10,1000,128,100,2,5,5,72791,68689.811,14558.200,1000,1266487543966429532,2
mvcc,FULL_SCAN,REUSED_ACROSS_TRANSACTIONS,READ,EXECUTE,FIRST_OPERATION,OPERATION,10,1000,128,100,2,5,5,4561374,1096.161,912274.800,1000,1266487543966429532,1
mvcc,FULL_SCAN,REUSED_ACROSS_TRANSACTIONS,READ,EXECUTE,FIRST_OPERATION,OPERATION,10,1000,128,100,2,5,5,4777999,1046.463,955599.800,1000,1266487543966429532,2
mvcc,FULL_SCAN,REUSED_ACROSS_TRANSACTIONS,READ,EXECUTE,REPEATED_OPERATIONS,OPERATION,10,1000,128,100,2,5,45,42338084,1062.873,940846.311,1000,1266487543966429532,1
mvcc,FULL_SCAN,REUSED_ACROSS_TRANSACTIONS,READ,EXECUTE,REPEATED_OPERATIONS,OPERATION,10,1000,128,100,2,5,45,43012043,1046.219,955823.178,1000,1266487543966429532,2
mvcc,FULL_SCAN,REUSED_ACROSS_TRANSACTIONS,READ,COMMIT,TRANSACTION_END,TRANSACTION,10,1000,128,100,2,5,5,56624,88301.780,11324.800,1000,1266487543966429532,1
mvcc,FULL_SCAN,REUSED_ACROSS_TRANSACTIONS,READ,COMMIT,TRANSACTION_END,TRANSACTION,10,1000,128,100,2,5,5,94958,52654.858,18991.600,1000,1266487543966429532,2
mvcc,FULL_SCAN,REUSED_ACROSS_TRANSACTIONS,READ,ROLLBACK,TRANSACTION_END,TRANSACTION,10,1000,128,100,2,5,5,59042,84685.478,11808.400,1000,1266487543966429532,1
mvcc,FULL_SCAN,REUSED_ACROSS_TRANSACTIONS,READ,ROLLBACK,TRANSACTION_END,TRANSACTION,10,1000,128,100,2,5,5,77208,64760.128,15441.600,1000,1266487543966429532,2
mvcc,AGGREGATE,FRESH_PER_OPERATION,READ,PREPARE,FIRST_OPERATION,OPERATION,10,1000,128,100,2,5,5,19292,259174.787,3858.400,17,7965525936446687820,1
mvcc,AGGREGATE,FRESH_PER_OPERATION,READ,PREPARE,FIRST_OPERATION,OPERATION,10,1000,128,100,2,5,5,8624,579777.365,1724.800,17,7965525936446687820,2
mvcc,AGGREGATE,FRESH_PER_OPERATION,READ,PREPARE,REPEATED_OPERATIONS,OPERATION,10,1000,128,100,2,5,45,184538,243852.215,4100.844,17,7965525936446687820,1
mvcc,AGGREGATE,FRESH_PER_OPERATION,READ,PREPARE,REPEATED_OPERATIONS,OPERATION,10,1000,128,100,2,5,45,59290,758981.278,1317.556,17,7965525936446687820,2
mvcc,AGGREGATE,FRESH_PER_OPERATION,READ,EXECUTE,FIRST_OPERATION,OPERATION,10,1000,128,100,2,5,5,3649334,1370.113,729866.800,17,7965525936446687820,1
mvcc,AGGREGATE,FRESH_PER_OPERATION,READ,EXECUTE,FIRST_OPERATION,OPERATION,10,1000,128,100,2,5,5,3723625,1342.778,744725.000,17,7965525936446687820,2
mvcc,AGGREGATE,FRESH_PER_OPERATION,READ,EXECUTE,REPEATED_OPERATIONS,OPERATION,10,1000,128,100,2,5,45,34556379,1302.220,767919.533,17,7965525936446687820,1
mvcc,AGGREGATE,FRESH_PER_OPERATION,READ,EXECUTE,REPEATED_OPERATIONS,OPERATION,10,1000,128,100,2,5,45,32975500,1364.650,732788.889,17,7965525936446687820,2
mvcc,AGGREGATE,FRESH_PER_OPERATION,READ,COMMIT,TRANSACTION_END,TRANSACTION,10,1000,128,100,2,5,5,51167,97719.233,10233.400,17,7965525936446687820,1
mvcc,AGGREGATE,FRESH_PER_OPERATION,READ,COMMIT,TRANSACTION_END,TRANSACTION,10,1000,128,100,2,5,5,73876,67680.979,14775.200,17,7965525936446687820,2
mvcc,AGGREGATE,FRESH_PER_OPERATION,READ,ROLLBACK,TRANSACTION_END,TRANSACTION,10,1000,128,100,2,5,5,47917,104347.100,9583.400,17,7965525936446687820,1
mvcc,AGGREGATE,FRESH_PER_OPERATION,READ,ROLLBACK,TRANSACTION_END,TRANSACTION,10,1000,128,100,2,5,5,41125,121580.547,8225.000,17,7965525936446687820,2
mvcc,AGGREGATE,REUSED_ACROSS_TRANSACTIONS,READ,EXECUTE,FIRST_OPERATION,OPERATION,10,1000,128,100,2,5,5,3575832,1398.276,715166.400,17,7965525936446687820,1
mvcc,AGGREGATE,REUSED_ACROSS_TRANSACTIONS,READ,EXECUTE,FIRST_OPERATION,OPERATION,10,1000,128,100,2,5,5,3610499,1384.850,722099.800,17,7965525936446687820,2
mvcc,AGGREGATE,REUSED_ACROSS_TRANSACTIONS,READ,EXECUTE,REPEATED_OPERATIONS,OPERATION,10,1000,128,100,2,5,45,31905081,1410.434,709001.800,17,7965525936446687820,1
mvcc,AGGREGATE,REUSED_ACROSS_TRANSACTIONS,READ,EXECUTE,REPEATED_OPERATIONS,OPERATION,10,1000,128,100,2,5,45,33092003,1359.845,735377.844,17,7965525936446687820,2
mvcc,AGGREGATE,REUSED_ACROSS_TRANSACTIONS,READ,COMMIT,TRANSACTION_END,TRANSACTION,10,1000,128,100,2,5,5,59958,83391.708,11991.600,17,7965525936446687820,1
mvcc,AGGREGATE,REUSED_ACROSS_TRANSACTIONS,READ,COMMIT,TRANSACTION_END,TRANSACTION,10,1000,128,100,2,5,5,60917,82078.894,12183.400,17,7965525936446687820,2
mvcc,AGGREGATE,REUSED_ACROSS_TRANSACTIONS,READ,ROLLBACK,TRANSACTION_END,TRANSACTION,10,1000,128,100,2,5,5,45500,109890.110,9100.000,17,7965525936446687820,1
mvcc,AGGREGATE,REUSED_ACROSS_TRANSACTIONS,READ,ROLLBACK,TRANSACTION_END,TRANSACTION,10,1000,128,100,2,5,5,52626,95010.071,10525.200,17,7965525936446687820,2
mvcc,INDEXED_UPDATE,FRESH_PER_OPERATION,WRITE,PREPARE,FIRST_OPERATION,OPERATION,1,1000,128,100,2,5,5,183083,27310.018,36616.600,1,20658,1
mvcc,INDEXED_UPDATE,FRESH_PER_OPERATION,WRITE,PREPARE,FIRST_OPERATION,OPERATION,1,1000,128,100,2,5,5,82875,60331.825,16575.000,1,20658,2
mvcc,INDEXED_UPDATE,FRESH_PER_OPERATION,WRITE,EXECUTE,FIRST_OPERATION,OPERATION,1,1000,128,100,2,5,5,29507582,169.448,5901516.400,1,20658,1
mvcc,INDEXED_UPDATE,FRESH_PER_OPERATION,WRITE,EXECUTE,FIRST_OPERATION,OPERATION,1,1000,128,100,2,5,5,27839709,179.600,5567941.800,1,20658,2
mvcc,INDEXED_UPDATE,FRESH_PER_OPERATION,WRITE,COMMIT,TRANSACTION_END,TRANSACTION,1,1000,128,100,2,5,5,756798792,6.607,151359758.400,1,20658,1
mvcc,INDEXED_UPDATE,FRESH_PER_OPERATION,WRITE,COMMIT,TRANSACTION_END,TRANSACTION,1,1000,128,100,2,5,5,742423835,6.735,148484767.000,1,20658,2
mvcc,INDEXED_UPDATE,FRESH_PER_OPERATION,WRITE,ROLLBACK,TRANSACTION_END,TRANSACTION,1,1000,128,100,2,5,5,24337959,205.440,4867591.800,1,20658,1
mvcc,INDEXED_UPDATE,FRESH_PER_OPERATION,WRITE,ROLLBACK,TRANSACTION_END,TRANSACTION,1,1000,128,100,2,5,5,22091750,226.329,4418350.000,1,20658,2
mvcc,INDEXED_UPDATE,REUSED_ACROSS_TRANSACTIONS,WRITE,EXECUTE,FIRST_OPERATION,OPERATION,1,1000,128,100,2,5,5,29005626,172.380,5801125.200,1,20658,1
mvcc,INDEXED_UPDATE,REUSED_ACROSS_TRANSACTIONS,WRITE,EXECUTE,FIRST_OPERATION,OPERATION,1,1000,128,100,2,5,5,28170417,177.491,5634083.400,1,20658,2
mvcc,INDEXED_UPDATE,REUSED_ACROSS_TRANSACTIONS,WRITE,COMMIT,TRANSACTION_END,TRANSACTION,1,1000,128,100,2,5,5,731537125,6.835,146307425.000,1,20658,1
mvcc,INDEXED_UPDATE,REUSED_ACROSS_TRANSACTIONS,WRITE,COMMIT,TRANSACTION_END,TRANSACTION,1,1000,128,100,2,5,5,712740667,7.015,142548133.400,1,20658,2
mvcc,INDEXED_UPDATE,REUSED_ACROSS_TRANSACTIONS,WRITE,ROLLBACK,TRANSACTION_END,TRANSACTION,1,1000,128,100,2,5,5,22670082,220.555,4534016.400,1,20658,1
mvcc,INDEXED_UPDATE,REUSED_ACROSS_TRANSACTIONS,WRITE,ROLLBACK,TRANSACTION_END,TRANSACTION,1,1000,128,100,2,5,5,21764498,229.732,4352899.600,1,20658,2
mvcc,DELETE_REINSERT,FRESH_PER_OPERATION,WRITE,PREPARE,FIRST_OPERATION,OPERATION,1,1000,128,100,2,5,5,216126,23134.653,43225.200,1,32149,1
mvcc,DELETE_REINSERT,FRESH_PER_OPERATION,WRITE,PREPARE,FIRST_OPERATION,OPERATION,1,1000,128,100,2,5,5,90666,55147.464,18133.200,1,32149,2
mvcc,DELETE_REINSERT,FRESH_PER_OPERATION,WRITE,EXECUTE,FIRST_OPERATION,OPERATION,1,1000,128,100,2,5,5,30157457,165.796,6031491.400,1,32149,1
mvcc,DELETE_REINSERT,FRESH_PER_OPERATION,WRITE,EXECUTE,FIRST_OPERATION,OPERATION,1,1000,128,100,2,5,5,30383210,164.565,6076642.000,1,32149,2
mvcc,DELETE_REINSERT,FRESH_PER_OPERATION,WRITE,COMMIT,TRANSACTION_END,TRANSACTION,1,1000,128,100,2,5,5,737841126,6.777,147568225.200,1,32149,1
mvcc,DELETE_REINSERT,FRESH_PER_OPERATION,WRITE,COMMIT,TRANSACTION_END,TRANSACTION,1,1000,128,100,2,5,5,1263864417,3.956,252772883.400,1,32149,2
mvcc,DELETE_REINSERT,FRESH_PER_OPERATION,WRITE,ROLLBACK,TRANSACTION_END,TRANSACTION,1,1000,128,100,2,5,5,23575583,212.084,4715116.600,1,32149,1
mvcc,DELETE_REINSERT,FRESH_PER_OPERATION,WRITE,ROLLBACK,TRANSACTION_END,TRANSACTION,1,1000,128,100,2,5,5,23595375,211.906,4719075.000,1,32149,2
mvcc,DELETE_REINSERT,REUSED_ACROSS_TRANSACTIONS,WRITE,EXECUTE,FIRST_OPERATION,OPERATION,1,1000,128,100,2,5,5,28194873,177.337,5638974.600,1,32149,1
mvcc,DELETE_REINSERT,REUSED_ACROSS_TRANSACTIONS,WRITE,EXECUTE,FIRST_OPERATION,OPERATION,1,1000,128,100,2,5,5,28987001,172.491,5797400.200,1,32149,2
mvcc,DELETE_REINSERT,REUSED_ACROSS_TRANSACTIONS,WRITE,COMMIT,TRANSACTION_END,TRANSACTION,1,1000,128,100,2,5,5,742231291,6.736,148446258.200,1,32149,1
mvcc,DELETE_REINSERT,REUSED_ACROSS_TRANSACTIONS,WRITE,COMMIT,TRANSACTION_END,TRANSACTION,1,1000,128,100,2,5,5,698904499,7.154,139780899.800,1,32149,2
mvcc,DELETE_REINSERT,REUSED_ACROSS_TRANSACTIONS,WRITE,ROLLBACK,TRANSACTION_END,TRANSACTION,1,1000,128,100,2,5,5,23673876,211.203,4734775.200,1,32149,1
mvcc,DELETE_REINSERT,REUSED_ACROSS_TRANSACTIONS,WRITE,ROLLBACK,TRANSACTION_END,TRANSACTION,1,1000,128,100,2,5,5,20952167,238.639,4190433.400,1,32149,2
